Fe,Co,Mn,Al,Ni,B,Hf,Si,Cu,P,Mo,Cr,La,Ti,Sn,V,Ga,Nb,Zr,C,Gd,Y,Ta,DO3,BCC,FCC,HCP,Orthorhombic,hexagonal,Tetragonal,Primitive Cubic,Ms,Hc,Hc_log
44.14304874943527,39.89791727754266,15.95903397302206,0.0,0.0,0.0,0.0,0.0,0.0,0.0,0.0,0.0,0.0,0.0,0.0,0.0,0.0,0.0,0.0,0.0,0.0,0.0,0.0,0,1,1,0,0,0,0,0,170.0,636.0,6.456769655572163
40.31455605863825,39.04689898203959,15.10324202248798,5.535302936834186,0.0,0.0,0.0,0.0,0.0,0.0,0.0,0.0,0.0,0.0,0.0,0.0,0.0,0.0,0.0,0.0,0.0,0.0,0.0,0,1,1,0,0,0,0,0,159.0,769.0,6.646390514847729
39.29859215725383,38.35938752749453,15.81876717009362,6.523253145158024,0.0,0.0,0.0,0.0,0.0,0.0,0.0,0.0,0.0,0.0,0.0,0.0,0.0,0.0,0.0,0.0,0.0,0.0,0.0,0,1,1,0,0,0,0,0,134.0,716.0,6.57507584059962
38.92686327701075,35.51076819615062,16.14279214939378,9.419576377444852,0.0,0.0,0.0,0.0,0.0,0.0,0.0,0.0,0.0,0.0,0.0,0.0,0.0,0.0,0.0,0.0,0.0,0.0,0.0,0,1,0,0,0,0,0,0,191.0,159.0,5.075173815233827
33.33333333333333,33.33333333333333,0.0,0.0,33.33333333333333,0.0,0.0,0.0,0.0,0.0,0.0,0.0,0.0,0.0,0.0,0.0,0.0,0.0,0.0,0.0,0.0,0.0,0.0,0,0,1,0,0,0,0,0,155.7,189.0,5.247024072160486
28.57142857142857,28.57142857142857,7.142857142857142,7.142857142857142,28.57142857142857,0.0,0.0,0.0,0.0,0.0,0.0,0.0,0.0,0.0,0.0,0.0,0.0,0.0,0.0,0.0,0.0,0.0,0.0,0,0,1,0,0,0,0,0,101.0,268.0,5.594711379601839
25.0,25.0,12.5,12.5,25.0,0.0,0.0,0.0,0.0,0.0,0.0,0.0,0.0,0.0,0.0,0.0,0.0,0.0,0.0,0.0,0.0,0.0,0.0,0,1,1,0,0,0,0,0,51.9,730.0,6.594413459749778
22.22222222222222,22.22222222222222,16.66666666666666,16.66666666666666,22.22222222222222,0.0,0.0,0.0,0.0,0.0,0.0,0.0,0.0,0.0,0.0,0.0,0.0,0.0,0.0,0.0,0.0,0.0,0.0,0,1,1,0,0,0,0,0,129.6,445.0,6.100318952020064
20.0,20.0,20.0,20.0,20.0,0.0,0.0,0.0,0.0,0.0,0.0,0.0,0.0,0.0,0.0,0.0,0.0,0.0,0.0,0.0,0.0,0.0,0.0,0,1,0,0,0,0,0,0,132.2,266.0,5.58724865840025
86.0,0.0,0.0,0.0,0.0,13.0,0.6,0.0,0.4,0.0,0.0,0.0,0.0,0.0,0.0,0.0,0.0,0.0,0.0,0.0,0.0,0.0,0.0,0,0,0,0,0,0,0,0,155.9,13.2,2.653241964607215
86.0,0.0,0.0,0.0,0.0,12.75,0.6,0.25,0.4,0.0,0.0,0.0,0.0,0.0,0.0,0.0,0.0,0.0,0.0,0.0,0.0,0.0,0.0,0,0,0,0,0,0,0,0,148.9,17.5,2.917770732084279
86.0,0.0,0.0,0.0,0.0,12.5,0.6,0.5,0.4,0.0,0.0,0.0,0.0,0.0,0.0,0.0,0.0,0.0,0.0,0.0,0.0,0.0,0.0,0,0,0,0,0,0,0,0,152.4,15.2,2.785011242238338
86.0,0.0,0.0,0.0,0.0,12.25,0.6,0.75,0.4,0.0,0.0,0.0,0.0,0.0,0.0,0.0,0.0,0.0,0.0,0.0,0.0,0.0,0.0,0,0,0,0,0,0,0,0,165.5,18.4,2.9652730660692823
86.0,0.0,0.0,0.0,0.0,12.0,0.6,1.0,0.4,0.0,0.0,0.0,0.0,0.0,0.0,0.0,0.0,0.0,0.0,0.0,0.0,0.0,0.0,0,1,0,0,0,0,0,0,179.8,21.5,3.1135153092103742
86.0,0.0,0.0,0.0,0.0,11.75,0.6,1.25,0.4,0.0,0.0,0.0,0.0,0.0,0.0,0.0,0.0,0.0,0.0,0.0,0.0,0.0,0.0,0,1,0,0,0,0,0,0,188.1,36.7,3.629660094453965
85.0,0.0,0.0,0.0,0.0,8.0,0.0,2.0,1.0,4.0,0.0,0.0,0.0,0.0,0.0,0.0,0.0,0.0,0.0,0.0,0.0,0.0,0.0,0,1,0,0,0,0,0,0,213.24172639910424,7.7,2.163323025660538
84.0,0.0,0.0,0.0,0.0,8.0,0.0,2.0,1.0,4.0,1.0,0.0,0.0,0.0,0.0,0.0,0.0,0.0,0.0,0.0,0.0,0.0,0.0,0,1,0,0,0,0,0,0,202.99929881536897,6.2,1.9740810260220096
83.0,0.0,0.0,0.0,0.0,8.0,0.0,2.0,1.0,4.0,2.0,0.0,0.0,0.0,0.0,0.0,0.0,0.0,0.0,0.0,0.0,0.0,0.0,0,1,0,0,0,0,0,0,195.15550899317049,5.3,1.840549633397487
25.0,25.0,0.0,0.0,25.0,0.0,0.0,0.0,0.0,0.0,0.0,25.0,0.0,0.0,0.0,0.0,0.0,0.0,0.0,0.0,0.0,0.0,0.0,0,0,1,0,0,0,0,0,30.7,1830.2818455567965,7.512771462679317
26.7,26.7,0.0,0.0,26.7,11.0,0.0,8.9,0.0,0.0,0.0,0.0,0.0,0.0,0.0,0.0,0.0,0.0,0.0,0.0,0.0,0.0,0.0,0,1,0,0,0,0,0,0,111.99352195626676,5.3,1.840549633397487
50.0,25.0,0.0,0.0,25.0,0.0,0.0,0.0,0.0,0.0,0.0,0.0,0.0,0.0,0.0,0.0,0.0,0.0,0.0,0.0,0.0,0.0,0.0,0,0,1,0,0,0,0,1,171.6,716.1972439135291,6.575350898881331
47.61904761904761,23.80952380952381,0.0,2.380952380952381,23.80952380952381,0.0,0.0,2.380952380952381,0.0,0.0,0.0,0.0,0.0,0.0,0.0,0.0,0.0,0.0,0.0,0.0,0.0,0.0,0.0,0,0,1,0,0,0,0,0,168.4,151.19719593730056,5.025177021718452
45.45454545454545,22.72727272727273,0.0,4.545454545454546,22.72727272727273,0.0,0.0,4.545454545454546,0.0,0.0,0.0,0.0,0.0,0.0,0.0,0.0,0.0,0.0,0.0,0.0,0.0,0.0,0.0,0,1,1,0,0,0,0,0,168.4,167.1126902464901,5.124634529810802
43.47826086956522,21.73913043478261,0.0,6.521739130434782,21.73913043478261,0.0,0.0,6.521739130434782,0.0,0.0,0.0,0.0,0.0,0.0,0.0,0.0,0.0,0.0,0.0,0.0,0.0,0.0,0.0,0,1,1,0,0,0,0,0,156.5,708.2394967589343,6.564193264638784
41.66666666666667,20.83333333333334,0.0,8.333333333333334,20.83333333333334,0.0,0.0,8.333333333333334,0.0,0.0,0.0,0.0,0.0,0.0,0.0,0.0,0.0,0.0,0.0,0.0,0.0,0.0,0.0,0,1,1,0,0,0,0,0,155.1,135.28170162811105,4.914724078979203
27.0,27.0,0.0,0.0,27.0,9.0,0.0,10.0,0.0,0.0,0.0,0.0,0.0,0.0,0.0,0.0,0.0,0.0,0.0,0.0,0.0,0.0,0.0,0,0,1,0,0,0,0,0,107.20927929479804,10.3,2.424802725718295
27.0,27.0,0.0,0.0,27.0,9.0,0.0,9.4,0.0,0.0,0.0,0.0,0.6,0.0,0.0,0.0,0.0,0.0,0.0,0.0,0.0,0.0,0.0,0,0,1,0,0,0,0,0,110.0967843872397,7.1,2.0918640616783932
27.0,27.0,0.0,0.0,27.0,9.0,0.0,9.0,0.0,0.0,0.0,0.0,1.0,0.0,0.0,0.0,0.0,0.0,0.0,0.0,0.0,0.0,0.0,0,0,1,0,0,0,0,0,107.57679273622252,8.5,2.2512917986064953
30.76923076923077,30.76923076923077,0.0,0.0,30.76923076923077,0.0,0.0,7.692307692307693,0.0,0.0,0.0,0.0,0.0,0.0,0.0,0.0,0.0,0.0,0.0,0.0,0.0,0.0,0.0,0,0,1,0,0,0,0,0,98.48,591.8,6.384857073981877
28.57142857142857,28.57142857142857,0.0,7.142857142857142,28.57142857142857,0.0,0.0,7.142857142857142,0.0,0.0,0.0,0.0,0.0,0.0,0.0,0.0,0.0,0.0,0.0,0.0,0.0,0.0,0.0,0,1,1,0,0,0,0,0,112.5,452.7,6.117436186669918
26.66666666666667,26.66666666666667,0.0,13.33333333333333,26.66666666666667,0.0,0.0,6.666666666666667,0.0,0.0,0.0,0.0,0.0,0.0,0.0,0.0,0.0,0.0,0.0,0.0,0.0,0.0,0.0,0,1,0,0,0,0,0,0,114.1,697.0,6.548219102762372
25.0,25.0,0.0,18.75,25.0,0.0,0.0,6.25,0.0,0.0,0.0,0.0,0.0,0.0,0.0,0.0,0.0,0.0,0.0,0.0,0.0,0.0,0.0,0,1,0,0,0,0,0,0,101.0,850.0,6.7464121285733745
23.52941176470588,23.52941176470588,0.0,23.52941176470588,23.52941176470588,0.0,0.0,5.88235294117647,0.0,0.0,0.0,0.0,0.0,0.0,0.0,0.0,0.0,0.0,0.0,0.0,0.0,0.0,0.0,0,1,0,0,0,0,0,0,94.1,909.1,6.81355448358331
33.33333333333333,33.33333333333333,0.0,0.0,33.33333333333333,0.0,0.0,0.0,0.0,0.0,0.0,0.0,0.0,0.0,0.0,0.0,0.0,0.0,0.0,0.0,0.0,0.0,0.0,0,0,1,0,0,0,0,0,164.3,55.9,4.041295341132285
31.25,31.25,3.125,0.0,31.25,0.0,0.0,3.125,0.0,0.0,0.0,0.0,0.0,0.0,0.0,0.0,0.0,0.0,0.0,0.0,0.0,0.0,0.0,0,0,1,0,0,0,0,0,137.7,109.8,4.707726774313183
29.41176470588235,29.41176470588235,5.88235294117647,0.0,29.41176470588235,0.0,0.0,5.88235294117647,0.0,0.0,0.0,0.0,0.0,0.0,0.0,0.0,0.0,0.0,0.0,0.0,0.0,0.0,0.0,0,0,1,0,0,0,0,0,112.0,121.9,4.811371016571989
27.77777777777778,27.77777777777778,8.333333333333334,0.0,27.77777777777778,0.0,0.0,8.333333333333334,0.0,0.0,0.0,0.0,0.0,0.0,0.0,0.0,0.0,0.0,0.0,0.0,0.0,0.0,0.0,0,0,1,0,0,0,0,0,83.4,108.7,4.697749367281185
26.31578947368421,26.31578947368421,10.52631578947368,0.0,26.31578947368421,0.0,0.0,10.52631578947368,0.0,0.0,0.0,0.0,0.0,0.0,0.0,0.0,0.0,0.0,0.0,0.0,0.0,0.0,0.0,0,0,1,0,0,0,0,0,59.4,123.4,4.823502180305079
33.33333333333333,33.33333333333333,0.0,0.0,33.33333333333333,0.0,0.0,0.0,0.0,0.0,0.0,0.0,0.0,0.0,0.0,0.0,0.0,0.0,0.0,0.0,0.0,0.0,0.0,0,0,1,0,0,0,0,0,147.0,278.52115041081686,5.633077962042764
33.33333333333333,33.33333333333333,0.0,0.0,33.33333333333333,0.0,0.0,0.0,0.0,0.0,0.0,0.0,0.0,0.0,0.0,0.0,0.0,0.0,0.0,0.0,0.0,0.0,0.0,0,0,1,0,0,0,0,0,99.0,238.73241463784305,5.479523362326131
33.33333333333333,33.33333333333333,0.0,0.0,33.33333333333333,0.0,0.0,0.0,0.0,0.0,0.0,0.0,0.0,0.0,0.0,0.0,0.0,0.0,0.0,0.0,0.0,0.0,0.0,0,1,1,0,0,0,0,0,71.0,477.4648292756861,6.170582706155418
33.33333333333333,33.33333333333333,0.0,0.0,33.33333333333333,0.0,0.0,0.0,0.0,0.0,0.0,0.0,0.0,0.0,0.0,0.0,0.0,0.0,0.0,0.0,0.0,0.0,0.0,0,1,1,0,0,0,0,0,93.0,557.0423008216337,6.32443476743211
29.41176470588236,23.52941176470588,0.0,5.88235294117647,29.41176470588236,0.0,0.0,0.0,0.0,0.0,0.0,11.76470588235294,0.0,0.0,0.0,0.0,0.0,0.0,0.0,0.0,0.0,0.0,0.0,0,0,1,0,0,0,0,0,52.47,60.95634320419592,4.126429995152963
7.142857142857142,28.57142857142857,0.0,7.142857142857142,35.71428571428572,0.0,0.0,0.0,0.0,0.0,0.0,21.42857142857143,0.0,0.0,0.0,0.0,0.0,0.0,0.0,0.0,0.0,0.0,0.0,0,0,1,0,0,0,0,0,16.965,93.90141642421824,4.552838630944101
25.0,25.0,0.0,20.0,25.0,0.0,0.0,5.0,0.0,0.0,0.0,0.0,0.0,0.0,0.0,0.0,0.0,0.0,0.0,0.0,0.0,0.0,0.0,0,1,0,0,0,0,0,0,108.0,66.0,4.204692619390966
25.0,25.0,0.0,15.0,25.0,0.0,0.0,10.0,0.0,0.0,0.0,0.0,0.0,0.0,0.0,0.0,0.0,0.0,0.0,0.0,0.0,0.0,0.0,0,1,0,0,0,0,0,0,106.0,51.0,3.9512437185814275
25.0,25.0,0.0,10.0,25.0,0.0,0.0,15.0,0.0,0.0,0.0,0.0,0.0,0.0,0.0,0.0,0.0,0.0,0.0,0.0,0.0,0.0,0.0,0,1,0,0,0,0,0,0,101.0,110.0,4.709530201312334
10.52631578947368,36.84210526315789,0.0,0.0,31.57894736842105,0.0,0.0,0.0,0.0,0.0,0.0,0.0,0.0,21.05263157894737,0.0,0.0,0.0,0.0,0.0,0.0,0.0,0.0,0.0,0,1,1,0,0,0,0,0,81.0,1432.394487827058,7.267800678029234
26.31578947368421,26.31578947368421,0.0,0.0,26.31578947368421,0.0,0.0,0.0,21.05263157894737,0.0,0.0,0.0,0.0,0.0,0.0,0.0,0.0,0.0,0.0,0.0,0.0,0.0,0.0,0,1,1,0,0,0,0,0,78.6,362.0,5.8944028342648505
26.17801047120419,26.17801047120419,0.0,0.0,26.17801047120419,0.0,0.0,0.0,20.94240837696335,0.0,0.0,0.0,0.0,0.0,0.5235602094240838,0.0,0.0,0.0,0.0,0.0,0.0,0.0,0.0,0,1,1,0,0,0,0,0,80.6,404.5,6.005120873555468
26.04166666666667,26.04166666666667,0.0,0.0,26.04166666666667,0.0,0.0,0.0,20.83333333333334,0.0,0.0,0.0,0.0,0.0,1.041666666666667,0.0,0.0,0.0,0.0,0.0,0.0,0.0,0.0,0,1,1,0,0,0,0,0,82.2,529.8,6.274385302458052
25.90673575129534,25.90673575129534,0.0,0.0,25.90673575129534,0.0,0.0,0.0,20.72538860103627,0.0,0.0,0.0,0.0,0.0,1.55440414507772,0.0,0.0,0.0,0.0,0.0,0.0,0.0,0.0,0,1,1,0,0,0,0,0,84.4,580.7,6.365954850916716
25.77319587628866,25.77319587628866,0.0,0.0,25.77319587628866,0.0,0.0,0.0,20.61855670103093,0.0,0.0,0.0,0.0,0.0,2.061855670103093,0.0,0.0,0.0,0.0,0.0,0.0,0.0,0.0,0,1,1,0,0,0,0,0,86.1,685.0,6.530877627725885
25.64102564102565,25.64102564102565,0.0,0.0,25.64102564102565,0.0,0.0,0.0,20.51282051282051,0.0,0.0,0.0,0.0,0.0,2.564102564102564,0.0,0.0,0.0,0.0,0.0,0.0,0.0,0.0,0,1,1,0,0,0,0,0,88.8,1020.0,6.928537818164665
21.74,21.74,21.74,17.39,17.39,0.0,0.0,0.0,0.0,0.0,0.0,0.0,0.0,0.0,0.0,0.0,0.0,0.0,0.0,0.0,0.0,0.0,0.0,0,1,1,0,0,0,0,0,78.6,362.0,5.8944028342648505
21.64567086582683,21.64567086582683,21.64567086582683,17.31653669266147,17.31653669266147,0.0,0.0,0.0,0.0,0.0,0.0,0.0,0.0,0.0,0.0,0.0,0.4299140171965606,0.0,0.0,0.0,0.0,0.0,0.0,0,1,1,0,0,0,0,0,79.0,380.5,5.9441108507245115
21.55215521552156,21.55215521552156,21.55215521552156,17.24172417241724,17.24172417241724,0.0,0.0,0.0,0.0,0.0,0.0,0.0,0.0,0.0,0.0,0.0,0.8600860086008602,0.0,0.0,0.0,0.0,0.0,0.0,0,1,1,0,0,0,0,0,79.7,383.4,5.951683677096137
21.45785421457854,21.45785421457854,21.45785421457854,17.16828317168283,17.16828317168283,0.0,0.0,0.0,0.0,0.0,0.0,0.0,0.0,0.0,0.0,0.0,1.28987101289871,0.0,0.0,0.0,0.0,0.0,0.0,0,1,1,0,0,0,0,0,81.0,464.1,6.142252436230051
21.37,21.37,21.37,17.09,17.09,0.0,0.0,0.0,0.0,0.0,0.0,0.0,0.0,0.0,0.0,0.0,1.71,0.0,0.0,0.0,0.0,0.0,0.0,0,1,1,0,0,0,0,0,82.8,685.8,6.532043129023321
22.22222222222222,22.22222222222222,0.0,22.22222222222222,11.11111111111111,0.0,0.0,0.0,22.22222222222222,0.0,0.0,0.0,0.0,0.0,0.0,0.0,0.0,0.0,0.0,0.0,0.0,0.0,0.0,0,1,1,0,0,0,0,0,89.21,580.915542285418,6.366325320852963
20.83333333333334,20.83333333333334,0.0,20.83333333333334,16.66666666666667,0.0,0.0,0.0,20.83333333333334,0.0,0.0,0.0,0.0,0.0,0.0,0.0,0.0,0.0,0.0,0.0,0.0,0.0,0.0,0,1,1,0,0,0,0,0,83.92,300.0070677282227,5.707133745297866
20.0,20.0,0.0,20.0,20.0,0.0,0.0,0.0,20.0,0.0,0.0,0.0,0.0,0.0,0.0,0.0,0.0,0.0,0.0,0.0,0.0,0.0,0.0,0,1,1,0,0,0,0,0,73.73,462.345109681956,6.138472153713393
18.18181818181818,18.18181818181818,0.0,18.18181818181818,27.27272727272727,0.0,0.0,0.0,18.18181818181818,0.0,0.0,0.0,0.0,0.0,0.0,0.0,0.0,0.0,0.0,0.0,0.0,0.0,0.0,0,1,1,0,0,0,0,0,63.58,1090.211360179483,6.995043697756674
16.66666666666666,16.66666666666666,0.0,16.66666666666666,33.33333333333333,0.0,0.0,0.0,16.66666666666666,0.0,0.0,0.0,0.0,0.0,0.0,0.0,0.0,0.0,0.0,0.0,0.0,0.0,0.0,0,1,1,0,0,0,0,0,57.43,884.9014835909381,6.78660575208747
14.28571428571428,14.28571428571428,0.0,14.28571428571428,42.85714285714285,0.0,0.0,0.0,14.28571428571428,0.0,0.0,0.0,0.0,0.0,0.0,0.0,0.0,0.0,0.0,0.0,0.0,0.0,0.0,0,0,1,0,0,0,0,0,54.68,1974.3170690549616,7.588484205743499
31.25,31.25,0.0,3.125,31.25,0.0,0.0,3.125,0.0,0.0,0.0,0.0,0.0,0.0,0.0,0.0,0.0,0.0,0.0,0.0,0.0,0.0,0.0,0,0,1,0,0,0,0,0,143.37,86.07,4.466712392840524
27.77777777777778,27.77777777777778,0.0,8.333333333333334,27.77777777777778,0.0,0.0,8.333333333333334,0.0,0.0,0.0,0.0,0.0,0.0,0.0,0.0,0.0,0.0,0.0,0.0,0.0,0.0,0.0,0,1,1,0,0,0,0,0,113.84,131.9,4.8895969657192
25.0,25.0,0.0,12.5,25.0,0.0,0.0,12.5,0.0,0.0,0.0,0.0,0.0,0.0,0.0,0.0,0.0,0.0,0.0,0.0,0.0,0.0,0.0,0,1,0,0,0,0,0,0,107.07,78.85,4.380149874661021
22.72727272727273,22.72727272727273,0.0,15.90909090909091,22.72727272727273,0.0,0.0,15.90909090909091,0.0,0.0,0.0,0.0,0.0,0.0,0.0,0.0,0.0,0.0,0.0,0.0,0.0,0.0,0.0,0,1,0,0,0,0,0,0,78.27,380.7,5.944634959751184
20.0,20.0,0.0,0.0,20.0,0.0,0.0,20.0,20.0,0.0,0.0,0.0,0.0,0.0,0.0,0.0,0.0,0.0,0.0,0.0,0.0,0.0,0.0,0,0,1,0,0,0,0,0,59.039,149.1,5.011301738639416
20.0,20.0,20.0,0.0,20.0,0.0,0.0,20.0,0.0,0.0,0.0,0.0,0.0,0.0,0.0,0.0,0.0,0.0,0.0,0.0,0.0,0.0,0.0,0,1,1,0,0,0,0,0,1.0817,132.62,4.894999950497331
20.0,20.0,0.0,0.0,20.0,0.0,0.0,20.0,0.0,0.0,0.0,0.0,0.0,20.0,0.0,0.0,0.0,0.0,0.0,0.0,0.0,0.0,0.0,0,0,1,0,0,0,0,0,6.1448,37.915,3.6613797804113513
10.0,35.0,0.0,15.0,30.0,0.0,0.0,0.0,0.0,0.0,0.0,5.0,0.0,5.0,0.0,0.0,0.0,0.0,0.0,0.0,0.0,0.0,0.0,0,0,1,0,0,0,0,0,99.0,302.3943918746011,5.71503358248058
20.0,20.0,0.0,20.0,20.0,0.0,0.0,0.0,20.0,0.0,0.0,0.0,0.0,0.0,0.0,0.0,0.0,0.0,0.0,0.0,0.0,0.0,0.0,0,1,1,0,0,0,0,0,68.55844248601787,1582.0,7.367077059881012
19.04761904761905,19.04761904761905,0.0,19.04761904761905,23.80952380952381,0.0,0.0,0.0,19.04761904761905,0.0,0.0,0.0,0.0,0.0,0.0,0.0,0.0,0.0,0.0,0.0,0.0,0.0,0.0,0,1,1,0,0,0,0,0,64.35355910683042,705.3,6.560040076414876
18.18181818181818,18.18181818181818,0.0,18.18181818181818,27.27272727272727,0.0,0.0,0.0,18.18181818181818,0.0,0.0,0.0,0.0,0.0,0.0,0.0,0.0,0.0,0.0,0.0,0.0,0.0,0.0,0,1,1,0,0,0,0,0,51.67284766636584,424.7,6.053734872834107
17.39130434782609,17.39130434782609,0.0,17.39130434782609,30.43478260869566,0.0,0.0,0.0,17.39130434782609,0.0,0.0,0.0,0.0,0.0,0.0,0.0,0.0,0.0,0.0,0.0,0.0,0.0,0.0,0,1,1,0,0,0,0,0,44.90406506544469,306.3,5.727824469136439
43.95604395604396,21.97802197802198,6.593406593406594,5.494505494505495,21.97802197802198,0.0,0.0,0.0,0.0,0.0,0.0,0.0,0.0,0.0,0.0,0.0,0.0,0.0,0.0,0.0,0.0,0.0,0.0,0,0,1,0,0,0,0,0,90.0,91.51409227783982,4.527360981864076
41.66666666666667,20.83333333333334,6.25,10.41666666666667,20.83333333333334,0.0,0.0,0.0,0.0,0.0,0.0,0.0,0.0,0.0,0.0,0.0,0.0,0.0,0.0,0.0,0.0,0.0,0.0,0,1,1,0,0,0,0,0,63.0,119.36620731892152,4.790538823370869
37.73584905660378,18.86792452830189,5.660377358490567,18.86792452830189,18.86792452830189,0.0,0.0,0.0,0.0,0.0,0.0,0.0,0.0,0.0,0.0,0.0,0.0,0.0,0.0,0.0,0.0,0.0,0.0,0,1,1,0,0,0,0,0,148.0,1209.5775674984045,7.09885285321685
28.5,38.0,3.0,2.0,28.5,0.0,0.0,0.0,0.0,0.0,0.0,0.0,0.0,0.0,0.0,0.0,0.0,0.0,0.0,0.0,0.0,0.0,0.0,0,0,1,0,0,0,0,0,143.71904761336776,440.6,6.090404494962885
20.0,20.0,0.0,0.0,35.0,0.0,0.0,0.0,0.0,0.0,0.0,5.0,0.0,20.0,0.0,0.0,0.0,0.0,0.0,0.0,0.0,0.0,0.0,0,0,0,0,0,0,0,0,38.8,1424.4367406724632,7.262233530428345
19.9,19.9,0.0,19.6,20.2,0.0,0.0,0.0,0.0,0.0,0.0,20.4,0.0,0.0,0.0,0.0,0.0,0.0,0.0,0.0,0.0,0.0,0.0,0,1,0,0,0,0,0,0,59.27,11.14,2.4965057856313524
19.3,18.6,0.0,19.0,19.1,0.0,0.0,4.9,0.0,0.0,0.0,19.1,0.0,0.0,0.0,0.0,0.0,0.0,0.0,0.0,0.0,0.0,0.0,0,1,0,0,0,0,0,0,48.53,15.915,2.8282008022326717
18.3,18.3,0.0,17.5,18.0,0.0,0.0,9.4,0.0,0.0,0.0,18.5,0.0,0.0,0.0,0.0,0.0,0.0,0.0,0.0,0.0,0.0,0.0,0,1,0,0,0,0,0,0,46.57,18.3,2.9601050959108397
17.1,16.5,0.0,17.6,17.9,0.0,0.0,13.7,0.0,0.0,0.0,17.2,0.0,0.0,0.0,0.0,0.0,0.0,0.0,0.0,0.0,0.0,0.0,0,1,0,0,0,0,0,0,40.67,8.75,2.277267285009756
25.0,25.0,0.0,0.0,25.0,0.0,0.0,0.0,25.0,0.0,0.0,0.0,0.0,0.0,0.0,0.0,0.0,0.0,0.0,0.0,0.0,0.0,0.0,0,0,1,0,0,0,0,0,91.08,1392.6057520540842,7.239649733568254
25.0,25.0,0.0,0.0,25.0,0.0,0.0,10.0,15.0,0.0,0.0,0.0,0.0,0.0,0.0,0.0,0.0,0.0,0.0,0.0,0.0,0.0,0.0,0,0,1,0,0,0,0,0,94.86,1870.0705813297704,7.5342660494159945
30.0,30.0,0.0,10.0,30.0,0.0,0.0,0.0,0.0,0.0,0.0,0.0,0.0,0.0,0.0,0.0,0.0,0.0,0.0,0.0,0.0,0.0,0.0,0,0,1,0,0,0,0,0,136.7,334.2253804929802,5.814803083202664
33.33333333333333,22.22222222222222,0.0,7.777777777777778,33.33333333333333,0.0,0.0,0.0,0.0,0.0,0.0,0.0,0.0,3.333333333333333,0.0,0.0,0.0,0.0,0.0,0.0,0.0,0.0,0.0,0,0,1,0,0,0,0,0,125.7,517.2535650486599,6.2504646303055615
30.0,30.0,0.0,5.0,30.0,0.0,0.0,0.0,0.0,0.0,0.0,0.0,0.0,5.0,0.0,0.0,0.0,0.0,0.0,0.0,0.0,0.0,0.0,0,0,1,0,0,0,0,0,121.1,644.5775195221761,6.470145295287167
30.0,30.0,0.0,3.0,30.0,0.0,0.0,0.0,0.0,0.0,0.0,0.0,0.0,7.0,0.0,0.0,0.0,0.0,0.0,0.0,0.0,0.0,0.0,0,0,1,0,0,0,0,0,117.9,899.2254284692087,6.802645208037314
30.0,30.0,0.0,0.0,30.0,0.0,0.0,0.0,0.0,0.0,0.0,0.0,0.0,10.0,0.0,0.0,0.0,0.0,0.0,0.0,0.0,0.0,0.0,0,0,1,0,0,0,0,0,115.2,1424.4367406724632,7.262233530428345
30.0,50.0,0.0,0.0,20.0,0.0,0.0,0.0,0.0,0.0,0.0,0.0,0.0,0.0,0.0,0.0,0.0,0.0,0.0,0.0,0.0,0.0,0.0,0,0,1,0,0,0,0,0,168.06,887.93,6.790018492256255
28.5,47.5,0.0,1.666666666666667,19.0,0.0,0.0,3.333333333333333,0.0,0.0,0.0,0.0,0.0,0.0,0.0,0.0,0.0,0.0,0.0,0.0,0.0,0.0,0.0,0,0,1,0,0,0,0,0,153.45,1158.37,7.055632033118036
27.0,45.0,0.0,3.333333333333333,18.0,0.0,0.0,6.666666666666667,0.0,0.0,0.0,0.0,0.0,0.0,0.0,0.0,0.0,0.0,0.0,0.0,0.0,0.0,0.0,0,0,1,0,0,0,0,0,130.97,1194.29,7.086144112748379
25.5,42.5,0.0,5.0,17.0,0.0,0.0,10.0,0.0,0.0,0.0,0.0,0.0,0.0,0.0,0.0,0.0,0.0,0.0,0.0,0.0,0.0,0.0,0,1,1,0,0,0,0,0,117.1,921.25,6.826816336476785
22.5,37.5,0.0,8.333333333333334,15.0,0.0,0.0,16.66666666666667,0.0,0.0,0.0,0.0,0.0,0.0,0.0,0.0,0.0,0.0,0.0,0.0,0.0,0.0,0.0,0,1,0,0,0,0,0,0,116.48,990.48,6.899198776299016
68.0,17.0,5.0,10.0,0.0,0.0,0.0,0.0,0.0,0.0,0.0,0.0,0.0,0.0,0.0,0.0,0.0,0.0,0.0,0.0,0.0,0.0,0.0,0,1,0,0,0,0,0,0,122.55,96.28874057059669,4.57768326379713
68.0,17.0,5.0,5.0,0.0,0.0,0.0,5.0,0.0,0.0,0.0,0.0,0.0,0.0,0.0,0.0,0.0,0.0,0.0,0.0,0.0,0.0,0.0,0,1,0,0,0,0,0,0,123.66,160.7464925228143,5.086030248588334
68.0,17.0,5.0,0.0,0.0,0.0,0.0,10.0,0.0,0.0,0.0,0.0,0.0,0.0,0.0,0.0,0.0,0.0,0.0,0.0,0.0,0.0,0.0,0,1,0,0,0,0,0,0,122.64,191.7817064257339,5.2615584939907505
64.0,16.0,10.0,10.0,0.0,0.0,0.0,0.0,0.0,0.0,0.0,0.0,0.0,0.0,0.0,0.0,0.0,0.0,0.0,0.0,0.0,0.0,0.0,0,1,0,0,0,0,0,0,153.75,156.76761894551692,5.061123184221124
64.0,16.0,10.0,5.0,0.0,0.0,0.0,5.0,0.0,0.0,0.0,0.0,0.0,0.0,0.0,0.0,0.0,0.0,0.0,0.0,0.0,0.0,0.0,0,1,0,0,0,0,0,0,170.65,243.5070629305999,5.499244195739416
64.0,16.0,10.0,0.0,0.0,0.0,0.0,10.0,0.0,0.0,0.0,0.0,0.0,0.0,0.0,0.0,0.0,0.0,0.0,0.0,0.0,0.0,0.0,0,1,1,0,0,0,0,0,151.83,287.2746722808711,5.663913748828405
60.0,15.0,15.0,10.0,0.0,0.0,0.0,0.0,0.0,0.0,0.0,0.0,0.0,0.0,0.0,0.0,0.0,0.0,0.0,0.0,0.0,0.0,0.0,0,1,1,0,0,0,0,0,140.87,177.4577615474633,5.184351943232201
60.0,15.0,15.0,5.0,0.0,0.0,0.0,5.0,0.0,0.0,0.0,0.0,0.0,0.0,0.0,0.0,0.0,0.0,0.0,0.0,0.0,0.0,0.0,0,1,1,0,0,0,0,0,154.5,338.2042540702776,5.8266024453198755
60.0,15.0,15.0,0.0,0.0,0.0,0.0,10.0,0.0,0.0,0.0,0.0,0.0,0.0,0.0,0.0,0.0,0.0,0.0,0.0,0.0,0.0,0.0,0,1,1,0,0,0,0,0,142.31,404.25355545341415,6.004512934058888
77.5,0.0,0.0,0.0,0.0,7.0,0.0,11.5,1.0,0.0,0.0,0.0,0.0,0.0,0.0,0.0,0.0,0.0,3.0,0.0,0.0,0.0,0.0,0,1,0,0,0,0,0,0,171.79,26.6,3.3178157727231046
77.5,0.0,0.0,0.0,0.0,7.0,0.0,11.5,1.0,0.0,0.0,0.0,0.0,0.0,0.0,0.0,0.0,1.0,2.0,0.0,0.0,0.0,0.0,0,1,0,0,0,0,0,0,170.31,1.64,0.9707789171582248
77.5,0.0,0.0,0.0,0.0,7.0,0.0,11.5,1.0,0.0,0.0,0.0,0.0,0.0,0.0,0.0,0.0,2.0,1.0,0.0,0.0,0.0,0.0,0,1,0,0,0,0,0,0,166.23,6.73,2.0451088625993306
77.5,0.0,0.0,0.0,0.0,7.0,0.0,11.5,1.0,0.0,0.0,0.0,0.0,0.0,0.0,0.0,0.0,3.0,0.0,0.0,0.0,0.0,0.0,0,1,0,0,0,0,0,0,166.15,13.02,2.640484881606444
88.0,0.0,0.0,0.0,0.0,4.0,0.0,0.0,1.0,0.0,0.0,0.0,0.0,0.0,0.0,0.0,0.0,0.0,7.0,0.0,0.0,0.0,0.0,0,1,0,0,0,0,0,0,161.915111583659,12.7451278427989,2.6206844226142527
79.2,0.0,0.0,0.0,8.8,4.0,0.0,0.0,1.0,0.0,0.0,0.0,0.0,0.0,0.0,0.0,0.0,0.0,7.0,0.0,0.0,0.0,0.0,0,1,0,0,0,0,0,0,136.300854989093,8.73760637574505,2.275995335475584
70.4,0.0,0.0,0.0,17.6,4.0,0.0,0.0,1.0,0.0,0.0,0.0,0.0,0.0,0.0,0.0,0.0,0.0,7.0,0.0,0.0,0.0,0.0,0,1,0,0,0,0,0,0,123.58637479131,7.17072596100534,2.1005577618405677
61.6,0.0,0.0,0.0,26.4,4.0,0.0,0.0,1.0,0.0,0.0,0.0,0.0,0.0,0.0,0.0,0.0,0.0,7.0,0.0,0.0,0.0,0.0,0,1,1,0,0,0,0,0,116.092047448264,35.0212494526561,3.5841090268934583
52.4,0.0,0.0,0.0,35.2,4.0,0.0,0.0,1.0,0.0,0.0,0.0,0.0,0.0,0.0,0.0,0.0,0.0,7.0,0.0,0.0,0.0,0.0,0,1,1,0,0,0,0,0,101.778838919401,41.6444824094253,3.752897896504904
44.0,0.0,0.0,0.0,44.0,4.0,0.0,0.0,1.0,0.0,0.0,0.0,0.0,0.0,0.0,0.0,0.0,0.0,7.0,0.0,0.0,0.0,0.0,0,1,1,0,0,0,0,0,96.7782293391247,52.8434199800865,3.986080204494543
35.2,0.0,0.0,0.0,52.8,4.0,0.0,0.0,1.0,0.0,0.0,0.0,0.0,0.0,0.0,0.0,0.0,0.0,7.0,0.0,0.0,0.0,0.0,0,1,1,0,0,0,0,0,89.8414801254665,21.4294173126082,3.1103733701567062
26.4,0.0,0.0,0.0,61.6,4.0,0.0,0.0,1.0,0.0,0.0,0.0,0.0,0.0,0.0,0.0,0.0,0.0,7.0,0.0,0.0,0.0,0.0,0,1,1,0,0,0,0,0,73.2576568396254,16.7064943763562,2.8739314862017618
17.6,0.0,0.0,0.0,70.4,4.0,0.0,0.0,1.0,0.0,0.0,0.0,0.0,0.0,0.0,0.0,0.0,0.0,7.0,0.0,0.0,0.0,0.0,0,1,1,0,0,0,0,0,54.3953368388047,22.2267835774986,3.1453060773378643
78.37,0.0,0.0,0.0,0.0,12.5,0.0,2.5,1.0,2.63,0.0,0.0,0.0,0.0,0.0,0.0,0.0,2.0,0.0,1.0,0.0,0.0,0.0,0,1,0,0,0,0,0,0,186.87918012746,8.32055,2.2322216398318453
76.74,0.0,0.0,0.0,0.0,12.5,0.0,2.5,1.0,5.26,0.0,0.0,0.0,0.0,0.0,0.0,0.0,1.0,0.0,1.0,0.0,0.0,0.0,0,1,0,0,1,0,0,0,179.5344929604,13.3727,2.6653305738820485
75.11,0.0,0.0,0.0,0.0,12.5,0.0,2.5,1.0,7.89,0.0,0.0,0.0,0.0,0.0,0.0,0.0,0.0,0.0,1.0,0.0,0.0,0.0,0,1,0,0,1,0,0,0,185.050721054573,12.41038,2.5960290339539944
70.0,12.0,0.0,0.0,0.0,0.0,0.0,18.0,0.0,0.0,0.0,0.0,0.0,0.0,0.0,0.0,0.0,0.0,0.0,0.0,0.0,0.0,0.0,1,0,0,0,0,0,0,0,198.402220253081,38.05,3.664842876285695
33.22,33.22,0.0,0.0,33.22,0.0,0.0,0.0,0.0,0.0,0.0,0.0,0.0,0.0,0.0,0.0,0.0,0.0,0.0,0.0,0.34,0.0,0.0,0,0,1,1,0,0,0,0,159.71404,176.79599,5.180636769394651
33.0,33.0,0.0,0.0,33.0,0.0,0.0,0.0,0.0,0.0,0.0,0.0,0.0,0.0,0.0,0.0,0.0,0.0,0.0,0.0,1.0,0.0,0.0,0,0,1,1,0,0,0,0,149.4602,434.10251,6.07558165849878
32.79,32.79,0.0,0.0,32.79,0.0,0.0,0.0,0.0,0.0,0.0,0.0,0.0,0.0,0.0,0.0,0.0,0.0,0.0,0.0,1.64,0.0,0.0,0,0,1,1,0,0,0,0,144.29434,780.24105,6.660883744984991
32.57,32.57,0.0,0.0,32.57,0.0,0.0,0.0,0.0,0.0,0.0,0.0,0.0,0.0,0.0,0.0,0.0,0.0,0.0,0.0,2.28,0.0,0.0,0,0,1,1,0,0,0,0,140.6341,954.8419,6.862592522806151
84.0,0.0,0.0,0.0,0.0,15.0,0.0,0.0,1.0,0.0,0.0,0.0,0.0,0.0,0.0,0.0,0.0,0.0,0.0,0.0,0.0,0.0,0.0,0,1,0,0,1,0,0,0,152.0,1034.50713009731,6.9426465664684365
85.0,0.0,0.0,0.0,0.0,15.0,0.0,0.0,0.0,0.0,0.0,0.0,0.0,0.0,0.0,0.0,0.0,0.0,0.0,0.0,0.0,0.0,0.0,0,1,1,1,1,0,0,0,168.0,1034.50713009731,6.9426465664684365
29.19,31.21,0.0,5.2,34.41,0.0,0.0,0.0,0.0,0.0,0.0,0.0,0.0,0.0,0.0,0.0,0.0,0.0,0.0,0.0,0.0,0.0,0.0,0,0,1,0,0,0,0,0,129.54,58.8873289440012,4.092464945916307
24.99,28.05,0.0,2.98,34.22,0.0,0.0,0.0,0.0,0.0,0.0,0.0,0.0,0.0,0.0,0.0,0.0,0.0,0.0,0.0,0.0,9.765,0.0,0,0,1,1,0,0,0,0,136.53,278.521150410816,5.633077962042761
25.925,28.455,0.0,2.835,32.56,0.0,0.0,0.0,0.0,0.0,0.0,0.0,0.0,0.0,0.0,0.0,0.0,0.0,0.0,0.0,0.0,10.19,0.0,0,0,1,1,0,0,0,0,139.25,461.549334966496,6.136753221461448
28.94,30.59,0.0,2.7,27.615,0.0,0.0,0.0,0.0,0.0,0.0,0.0,0.0,0.0,0.0,0.0,0.0,0.0,0.0,0.0,0.0,10.155,0.0,0,0,1,1,0,0,0,0,121.31,103.450713009731,4.648715314305087
31.495,29.99,0.0,2.685,25.85,0.0,0.0,0.0,0.0,0.0,0.0,0.0,0.0,0.0,0.0,0.0,0.0,0.0,0.0,0.0,0.0,9.96,0.0,0,0,0,1,0,0,0,0,115.78,262.605656101627,5.574454259536341
64.0,16.0,10.0,10.0,0.0,0.0,0.0,0.0,0.0,0.0,0.0,0.0,0.0,0.0,0.0,0.0,0.0,0.0,0.0,0.0,0.0,0.0,0.0,1,1,0,0,0,0,0,0,140.64542,221.305823275,5.4040540161961035
63.2,15.8,10.0,10.0,0.0,0.0,0.0,1.0,0.0,0.0,0.0,0.0,0.0,0.0,0.0,0.0,0.0,0.0,0.0,0.0,0.0,0.0,0.0,1,1,0,0,0,0,0,0,149.62943,201.296856675,5.309736206114279
62.4,15.6,10.0,10.0,0.0,0.0,0.0,2.0,0.0,0.0,0.0,0.0,0.0,0.0,0.0,0.0,0.0,0.0,0.0,0.0,0.0,0.0,0.0,0,1,0,0,0,0,0,0,163.41997,147.3106849,4.999309295773011
61.6,15.4,10.0,10.0,0.0,0.0,0.0,3.0,0.0,0.0,0.0,0.0,0.0,0.0,0.0,0.0,0.0,0.0,0.0,0.0,0.0,0.0,0.0,0,1,0,0,0,0,0,0,186.46872,127.302514075,4.854390866714096
60.8,15.2,10.0,10.0,0.0,0.0,0.0,4.0,0.0,0.0,0.0,0.0,0.0,0.0,0.0,0.0,0.0,0.0,0.0,0.0,0.0,0.0,0.0,0,1,0,0,0,0,0,0,179.64603,125.70221055,4.841839534294073
60.0,15.0,10.0,10.0,0.0,0.0,0.0,5.0,0.0,0.0,0.0,0.0,0.0,0.0,0.0,0.0,0.0,0.0,0.0,0.0,0.0,0.0,0.0,0,1,0,0,0,0,0,0,171.12977,106.602814775,4.6784468070044865
26.9,22.3,0.0,0.0,50.8,0.0,0.0,0.0,0.0,0.0,0.0,0.0,0.0,0.0,0.0,0.0,0.0,0.0,0.0,0.0,0.0,0.0,0.0,0,0,1,0,0,0,0,0,132.2,1392.60625,7.239650090875783
94.2,0.0,0.0,0.0,0.0,0.0,0.0,5.8,0.0,0.0,0.0,0.0,0.0,0.0,0.0,0.0,0.0,0.0,0.0,0.0,0.0,0.0,0.0,0,1,0,0,0,0,0,0,204.01925,1351.21480915,7.209499126489817
73.63,0.0,0.0,14.32,0.0,0.0,0.0,12.05,0.0,0.0,0.0,0.0,0.0,0.0,0.0,0.0,0.0,0.0,0.0,0.0,0.0,0.0,0.0,0,1,0,0,0,0,0,0,156.66419,1738.4596143,7.461329777478561
83.95,0.0,0.0,0.0,0.0,0.0,0.0,16.41,0.0,0.0,0.0,0.0,0.0,0.0,0.0,0.0,0.0,0.0,0.0,0.0,0.0,0.0,0.0,0,1,0,0,0,0,0,0,178.2091,1247.8102141,7.12994654829974
72.0,0.0,0.0,28.0,0.0,0.0,0.0,0.0,0.0,0.0,0.0,0.0,0.0,0.0,0.0,0.0,0.0,0.0,0.0,0.0,0.0,0.0,0.0,1,0,0,0,0,0,0,0,102.18,595.10441825,6.390415850125941
22.2222222222222,44.4444444444444,16.6666666666666,16.6666666666666,0.0,0.0,0.0,0.0,0.0,0.0,0.0,0.0,0.0,0.0,0.0,0.0,0.0,0.0,0.0,0.0,0.0,0.0,0.0,0,1,0,0,0,0,0,0,180.595225383642,88.60822,4.495447056844359
21.9780219780219,43.9560439560439,16.4835164835164,16.4835164835164,0.0,0.0,0.0,0.0,0.0,0.0,0.0,1.09890109890109,0.0,0.0,0.0,0.0,0.0,0.0,0.0,0.0,0.0,0.0,0.0,0,1,0,0,0,0,0,0,178.339099656343,165.93896,5.11762823662003
21.8579234972677,43.7158469945355,16.3934426229508,16.3934426229508,0.0,0.0,0.0,0.0,0.0,0.0,0.0,1.63934426229508,0.0,0.0,0.0,0.0,0.0,0.0,0.0,0.0,0.0,0.0,0.0,0,1,0,0,0,0,0,0,174.870672153542,199.20637,5.299348684556751
21.7391304347826,43.4782608695652,16.3043478260869,16.3043478260869,0.0,0.0,0.0,0.0,0.0,0.0,0.0,2.17391304347826,0.0,0.0,0.0,0.0,0.0,0.0,0.0,0.0,0.0,0.0,0.0,0,1,0,0,0,0,0,0,169.088621743753,87.48865,4.48287429520176
21.6216216216216,43.2432432432432,16.2162162162162,16.2162162162162,0.0,0.0,0.0,0.0,0.0,0.0,0.0,2.7027027027027,0.0,0.0,0.0,0.0,0.0,0.0,0.0,0.0,0.0,0.0,0.0,0,1,0,0,0,0,0,0,164.655069083925,71.33476,4.281304788180148
21.0526315789473,42.1052631578947,15.7894736842105,15.7894736842105,0.0,0.0,0.0,0.0,0.0,0.0,0.0,5.26315789473684,0.0,0.0,0.0,0.0,0.0,0.0,0.0,0.0,0.0,0.0,0.0,0,1,0,0,0,0,0,0,155.461816194113,91.5671,4.527933786944454
20.0,40.0,15.0,15.0,0.0,0.0,0.0,0.0,0.0,0.0,0.0,10.0,0.0,0.0,0.0,0.0,0.0,0.0,0.0,0.0,0.0,0.0,0.0,0,1,0,0,0,0,0,0,152.914819838198,78.3721,4.37414692111235
77.0,6.0,0.0,0.0,0.0,15.0,0.0,1.0,0.0,0.6,0.0,0.0,0.0,0.0,0.0,0.0,0.0,0.4,0.0,0.0,0.0,0.0,0.0,0,1,0,0,0,0,0,0,214.890682757694,88.83,4.497918995241116
32.6,27.7,0.0,7.0,27.7,0.0,0.0,0.0,0.0,0.0,0.0,0.0,0.0,0.0,0.0,0.0,0.0,0.0,0.0,0.0,0.0,0.0,5.0,1,0,1,0,0,0,1,0,100.2,78.0,4.3694478524670215
85.5,0.0,0.0,0.0,0.0,1.0,0.0,0.0,0.5,11.0,0.0,0.0,0.0,0.0,0.0,0.0,0.0,0.0,0.0,2.0,0.0,0.0,0.0,0,1,0,0,0,1,0,0,210.906143705993,5.6,1.8870696490323797
85.4,0.0,0.0,0.0,0.0,1.0,0.0,0.0,0.5,11.0,0.0,0.0,0.0,0.0,0.0,0.0,0.0,0.1,0.0,2.0,0.0,0.0,0.0,0,1,0,0,0,0,0,0,225.824316650927,5.4,1.8562979903656263
85.2,0.0,0.0,0.0,0.0,1.0,0.0,0.0,0.5,11.0,0.0,0.0,0.0,0.0,0.0,0.0,0.0,0.3,0.0,2.0,0.0,0.0,0.0,0,1,0,0,0,0,0,0,214.486603763666,4.6,1.7227665977411035
85.0,0.0,0.0,0.0,0.0,1.0,0.0,0.0,0.5,11.0,0.0,0.0,0.0,0.0,0.0,0.0,0.0,0.5,0.0,2.0,0.0,0.0,0.0,0,1,0,0,0,0,0,0,206.899731099071,4.1,1.62924053973028
84.5,0.0,0.0,0.0,0.0,1.0,0.0,0.0,0.5,11.0,0.0,0.0,0.0,0.0,0.0,0.0,0.0,1.0,0.0,2.0,0.0,0.0,0.0,0,1,0,0,0,0,0,0,206.639078476263,4.4,1.6863989535702288
84.0,0.0,0.0,0.0,0.0,1.0,0.0,0.0,0.5,11.0,0.0,0.0,0.0,0.0,0.0,0.0,0.0,1.5,0.0,2.0,0.0,0.0,0.0,0,1,0,0,0,0,0,0,196.434232904802,2.5,1.252762968495368
68.8,4.3,0.0,0.0,12.9,14.0,0.0,0.0,0.0,0.0,0.0,0.0,0.0,0.0,0.0,0.0,0.0,0.0,0.0,0.0,0.0,0.0,0.0,0,1,1,0,0,0,0,0,181.197444234613,2.0,1.0986122886681098
77.4,0.0,0.0,0.0,8.6,14.0,0.0,0.0,0.0,0.0,0.0,0.0,0.0,0.0,0.0,0.0,0.0,0.0,0.0,0.0,0.0,0.0,0.0,0,1,0,0,0,0,0,0,182.209434236001,2.6,1.2809338454620642
60.2,0.0,0.0,0.0,25.8,14.0,0.0,0.0,0.0,0.0,0.0,0.0,0.0,0.0,0.0,0.0,0.0,0.0,0.0,0.0,0.0,0.0,0.0,0,1,1,0,0,0,0,0,143.51212370791,3.3,1.4586150226995167
87.0,0.0,0.0,0.0,0.0,13.0,0.0,0.0,0.0,0.0,0.0,0.0,0.0,0.0,0.0,0.0,0.0,0.0,0.0,0.0,0.0,0.0,0.0,0,1,0,0,0,0,0,0,207.037166555172,6.7,2.0412203288596382
86.0,0.0,0.0,0.0,0.0,14.0,0.0,0.0,0.0,0.0,0.0,0.0,0.0,0.0,0.0,0.0,0.0,0.0,0.0,0.0,0.0,0.0,0.0,0,1,0,0,0,0,0,0,204.903029897666,6.8,2.0541237336955462
69.6,17.4,0.0,0.0,0.0,13.0,0.0,0.0,0.0,0.0,0.0,0.0,0.0,0.0,0.0,0.0,0.0,0.0,0.0,0.0,0.0,0.0,0.0,0,1,0,0,0,0,0,0,212.879732928522,9.3,2.33214389523559
65.25,21.75,0.0,0.0,0.0,13.0,0.0,0.0,0.0,0.0,0.0,0.0,0.0,0.0,0.0,0.0,0.0,0.0,0.0,0.0,0.0,0.0,0.0,0,1,0,0,0,0,0,0,213.75656214615,10.3,2.424802725718295
60.2,25.8,0.0,0.0,0.0,14.0,0.0,0.0,0.0,0.0,0.0,0.0,0.0,0.0,0.0,0.0,0.0,0.0,0.0,0.0,0.0,0.0,0.0,0,1,0,0,0,0,0,0,207.434088116264,14.8,2.760009940032921
86.0,0.0,0.0,0.0,0.0,13.0,0.0,0.0,1.0,0.0,0.0,0.0,0.0,0.0,0.0,0.0,0.0,0.0,0.0,0.0,0.0,0.0,0.0,0,1,0,0,0,0,0,0,203.487623414631,3.5,1.5040773967762742
73.5,0.0,0.0,0.0,0.0,7.0,0.0,15.5,1.0,0.0,0.0,0.0,0.0,0.0,0.0,0.0,0.0,3.0,0.0,0.0,0.0,0.0,0.0,0,0,0,0,0,0,0,0,154.05908353474,1.0,0.6931471805599453
83.0,0.0,0.0,0.0,0.0,12.0,0.0,2.0,1.0,2.0,0.0,0.0,0.0,0.0,0.0,0.0,0.0,0.0,0.0,0.0,0.0,0.0,0.0,0,1,0,0,0,0,0,0,211.199501010736,6.8,2.0541237336955462
83.0,0.0,0.0,0.0,0.0,11.0,0.0,3.0,1.0,2.0,0.0,0.0,0.0,0.0,0.0,0.0,0.0,0.0,0.0,0.0,0.0,0.0,0.0,0,1,0,0,0,0,0,0,210.370455698407,5.2,1.824549292051046
83.0,0.0,0.0,0.0,0.0,10.0,0.0,4.0,1.0,2.0,0.0,0.0,0.0,0.0,0.0,0.0,0.0,0.0,0.0,0.0,0.0,0.0,0.0,0,1,0,0,0,0,0,0,211.814559527814,6.3,1.9878743481543455
83.0,0.0,0.0,0.0,0.0,9.0,0.0,5.0,1.0,2.0,0.0,0.0,0.0,0.0,0.0,0.0,0.0,0.0,0.0,0.0,0.0,0.0,0.0,0,1,0,0,0,0,0,0,209.752799287315,6.6,2.028148247292285
83.0,0.0,0.0,0.0,0.0,8.0,0.0,6.0,1.0,2.0,0.0,0.0,0.0,0.0,0.0,0.0,0.0,0.0,0.0,0.0,0.0,0.0,0.0,0,1,0,0,0,0,0,0,211.153689958829,7.2,2.1041341542702074
74.3,0.0,0.0,0.0,0.0,6.0,0.0,16.5,0.2,0.0,0.0,0.0,0.0,0.0,0.0,0.0,0.0,3.0,0.0,0.0,0.0,0.0,0.0,0,0,0,0,0,0,0,0,142.563393900158,24.0,3.2188758248682006
74.0,0.0,0.0,0.0,0.0,6.0,0.0,16.0,1.0,0.0,0.0,0.0,0.0,0.0,0.0,0.0,0.0,3.0,0.0,0.0,0.0,0.0,0.0,0,0,0,0,0,0,0,0,151.564108856616,24.0,3.2188758248682006
73.0,0.0,0.0,0.0,0.0,6.0,0.0,16.5,1.5,0.0,0.0,0.0,0.0,0.0,0.0,0.0,0.0,3.0,0.0,0.0,0.0,0.0,0.0,0,0,0,0,0,0,0,0,128.426015784305,24.0,3.2188758248682006
73.5,0.0,0.0,0.0,0.0,9.0,0.0,13.5,1.0,0.0,0.0,0.0,0.0,0.0,0.0,0.0,0.0,3.0,0.0,0.0,0.0,0.0,0.0,0,1,0,0,0,0,0,0,153.421211069627,0.77,0.5709795465857378
74.5,0.0,0.0,0.0,0.0,9.0,0.0,13.5,1.0,0.0,0.0,0.0,0.0,0.0,0.0,0.0,0.0,2.0,0.0,0.0,0.0,0.0,0.0,0,1,0,0,0,0,0,0,182.361286073503,0.95,0.6678293725756554
75.5,0.0,0.0,0.0,0.0,9.0,0.0,13.5,1.0,0.0,0.0,0.0,0.0,0.0,0.0,0.0,0.0,1.0,0.0,0.0,0.0,0.0,0.0,0,1,0,0,0,0,0,0,199.022129678119,4.5,1.7047480922384253
76.5,0.0,0.0,0.0,0.0,9.0,0.0,13.5,1.0,0.0,0.0,0.0,0.0,0.0,0.0,0.0,0.0,0.0,0.0,0.0,0.0,0.0,0.0,0,1,0,0,0,0,0,0,204.553103793602,22.2,3.1441522786722644
75.8,0.0,0.0,0.0,0.0,8.9,0.0,9.3,0.5,3.0,0.0,0.0,0.0,0.0,0.0,0.0,0.0,2.5,0.0,0.0,0.0,0.0,0.0,0,1,0,0,0,0,0,0,177.551571532988,1.13313,0.7575903846549915
77.8,0.0,0.0,0.0,0.0,8.9,0.0,7.3,0.5,3.0,0.0,0.0,0.0,0.0,0.0,0.0,0.0,2.5,0.0,0.0,0.0,0.0,0.0,0,1,0,0,0,0,0,0,187.988729489945,3.01774,1.3907195554886838
79.8,0.0,0.0,0.0,0.0,8.9,0.0,5.3,0.5,3.0,0.0,0.0,0.0,0.0,0.0,0.0,0.0,2.5,0.0,0.0,0.0,0.0,0.0,0,1,0,0,0,0,0,0,194.421419064779,5.05244,1.8004614965219559
82.8,0.0,0.0,0.0,0.0,8.9,0.0,2.3,0.5,3.0,0.0,0.0,0.0,0.0,0.0,0.0,0.0,2.5,0.0,0.0,0.0,0.0,0.0,0,1,0,0,0,0,0,0,202.345866491934,13.82501,2.696315619419818
