Fe,Co,Mn,Al,Ni,B,Hf,Si,Cu,P,Mo,Cr,La,Ti,Sn,V,Ga,Nb,Zr,C,Gd,Y,Ta,DO3,BCC,FCC,HCP,Orthorhombic,hexagonal,Tetragonal,Primitive Cubic,Ms,Hc,Ms_div30,Hc_log
44.14304874943527,39.89791727754266,15.95903397302206,0.0,0.0,0.0,0.0,0.0,0.0,0.0,0.0,0.0,0.0,0.0,0.0,0.0,0.0,0.0,0.0,0.0,0.0,0.0,0.0,0,1,1,0,0,0,0,0,170.0,636.0,5.666666666666667,6.456769655572163
40.31455605863825,39.04689898203959,15.10324202248798,5.535302936834186,0.0,0.0,0.0,0.0,0.0,0.0,0.0,0.0,0.0,0.0,0.0,0.0,0.0,0.0,0.0,0.0,0.0,0.0,0.0,0,1,1,0,0,0,0,0,159.0,769.0,5.3,6.646390514847729
39.29859215725383,38.35938752749453,15.81876717009362,6.523253145158024,0.0,0.0,0.0,0.0,0.0,0.0,0.0,0.0,0.0,0.0,0.0,0.0,0.0,0.0,0.0,0.0,0.0,0.0,0.0,0,1,1,0,0,0,0,0,134.0,716.0,4.466666666666667,6.57507584059962
38.92686327701075,35.51076819615062,16.14279214939378,9.419576377444852,0.0,0.0,0.0,0.0,0.0,0.0,0.0,0.0,0.0,0.0,0.0,0.0,0.0,0.0,0.0,0.0,0.0,0.0,0.0,0,1,0,0,0,0,0,0,191.0,159.0,6.366666666666666,5.075173815233827
35.41237431398991,32.85036014162797,15.53555410523162,16.20171143915051,0.0,0.0,0.0,0.0,0.0,0.0,0.0,0.0,0.0,0.0,0.0,0.0,0.0,0.0,0.0,0.0,0.0,0.0,0.0,0,1,0,0,0,0,0,0,181.0,2387.0,6.033333333333333,7.778211474512493
32.89604210977813,29.97995473095997,14.80093080598012,22.32307235328178,0.0,0.0,0.0,0.0,0.0,0.0,0.0,0.0,0.0,0.0,0.0,0.0,0.0,0.0,0.0,0.0,0.0,0.0,0.0,0,1,0,0,0,0,0,0,117.0,2706.0,3.9,7.903596289614301
33.33333333333333,33.33333333333333,0.0,0.0,33.33333333333333,0.0,0.0,0.0,0.0,0.0,0.0,0.0,0.0,0.0,0.0,0.0,0.0,0.0,0.0,0.0,0.0,0.0,0.0,0,0,1,0,0,0,0,0,155.7,189.0,5.1899999999999995,5.247024072160486
28.57142857142857,28.57142857142857,7.142857142857142,7.142857142857142,28.57142857142857,0.0,0.0,0.0,0.0,0.0,0.0,0.0,0.0,0.0,0.0,0.0,0.0,0.0,0.0,0.0,0.0,0.0,0.0,0,0,1,0,0,0,0,0,101.0,268.0,3.3666666666666667,5.594711379601839
25.0,25.0,12.5,12.5,25.0,0.0,0.0,0.0,0.0,0.0,0.0,0.0,0.0,0.0,0.0,0.0,0.0,0.0,0.0,0.0,0.0,0.0,0.0,0,1,1,0,0,0,0,0,51.9,730.0,1.73,6.594413459749778
22.22222222222222,22.22222222222222,16.66666666666666,16.66666666666666,22.22222222222222,0.0,0.0,0.0,0.0,0.0,0.0,0.0,0.0,0.0,0.0,0.0,0.0,0.0,0.0,0.0,0.0,0.0,0.0,0,1,1,0,0,0,0,0,129.6,445.0,4.319999999999999,6.100318952020064
20.0,20.0,20.0,20.0,20.0,0.0,0.0,0.0,0.0,0.0,0.0,0.0,0.0,0.0,0.0,0.0,0.0,0.0,0.0,0.0,0.0,0.0,0.0,0,1,0,0,0,0,0,0,132.2,266.0,4.406666666666666,5.58724865840025
86.0,0.0,0.0,0.0,0.0,13.0,0.6,0.0,0.4,0.0,0.0,0.0,0.0,0.0,0.0,0.0,0.0,0.0,0.0,0.0,0.0,0.0,0.0,0,0,0,0,0,0,0,0,155.9,13.2,5.196666666666667,2.653241964607215
86.0,0.0,0.0,0.0,0.0,12.75,0.6,0.25,0.4,0.0,0.0,0.0,0.0,0.0,0.0,0.0,0.0,0.0,0.0,0.0,0.0,0.0,0.0,0,0,0,0,0,0,0,0,148.9,17.5,4.963333333333334,2.917770732084279
86.0,0.0,0.0,0.0,0.0,12.5,0.6,0.5,0.4,0.0,0.0,0.0,0.0,0.0,0.0,0.0,0.0,0.0,0.0,0.0,0.0,0.0,0.0,0,0,0,0,0,0,0,0,152.4,15.2,5.08,2.785011242238338
86.0,0.0,0.0,0.0,0.0,12.25,0.6,0.75,0.4,0.0,0.0,0.0,0.0,0.0,0.0,0.0,0.0,0.0,0.0,0.0,0.0,0.0,0.0,0,0,0,0,0,0,0,0,165.5,18.4,5.516666666666667,2.9652730660692823
86.0,0.0,0.0,0.0,0.0,12.0,0.6,1.0,0.4,0.0,0.0,0.0,0.0,0.0,0.0,0.0,0.0,0.0,0.0,0.0,0.0,0.0,0.0,0,1,0,0,0,0,0,0,179.8,21.5,5.993333333333334,3.1135153092103742
86.0,0.0,0.0,0.0,0.0,11.75,0.6,1.25,0.4,0.0,0.0,0.0,0.0,0.0,0.0,0.0,0.0,0.0,0.0,0.0,0.0,0.0,0.0,0,1,0,0,0,0,0,0,188.1,36.7,6.27,3.629660094453965
85.0,0.0,0.0,0.0,0.0,8.0,0.0,2.0,1.0,4.0,0.0,0.0,0.0,0.0,0.0,0.0,0.0,0.0,0.0,0.0,0.0,0.0,0.0,0,1,0,0,0,0,0,0,213.24172639910424,7.7,7.108057546636808,2.163323025660538
84.0,0.0,0.0,0.0,0.0,8.0,0.0,2.0,1.0,4.0,1.0,0.0,0.0,0.0,0.0,0.0,0.0,0.0,0.0,0.0,0.0,0.0,0.0,0,1,0,0,0,0,0,0,202.99929881536897,6.2,6.7666432938456325,1.9740810260220096
83.0,0.0,0.0,0.0,0.0,8.0,0.0,2.0,1.0,4.0,2.0,0.0,0.0,0.0,0.0,0.0,0.0,0.0,0.0,0.0,0.0,0.0,0.0,0,1,0,0,0,0,0,0,195.15550899317049,5.3,6.505183633105683,1.840549633397487
25.0,25.0,0.0,0.0,25.0,0.0,0.0,0.0,0.0,0.0,0.0,25.0,0.0,0.0,0.0,0.0,0.0,0.0,0.0,0.0,0.0,0.0,0.0,0,0,1,0,0,0,0,0,30.7,1830.2818455567965,1.0233333333333332,7.512771462679317
22.22222222222222,22.22222222222222,0.0,0.0,22.22222222222222,0.0,0.0,0.0,11.11111111111111,0.0,0.0,22.22222222222222,0.0,0.0,0.0,0.0,0.0,0.0,0.0,0.0,0.0,0.0,0.0,0,0,1,0,0,0,0,0,32.7,2626.056561016273,1.09,7.8736193201032725
20.0,20.0,0.0,0.0,20.0,0.0,0.0,0.0,20.0,0.0,0.0,20.0,0.0,0.0,0.0,0.0,0.0,0.0,0.0,0.0,0.0,0.0,0.0,0,0,1,0,0,0,0,0,29.6,2626.056561016273,0.9866666666666667,7.8736193201032725
26.7,26.7,0.0,0.0,26.7,11.0,0.0,8.9,0.0,0.0,0.0,0.0,0.0,0.0,0.0,0.0,0.0,0.0,0.0,0.0,0.0,0.0,0.0,0,1,0,0,0,0,0,0,111.99352195626676,5.3,3.7331173985422255,1.840549633397487
50.0,25.0,0.0,0.0,25.0,0.0,0.0,0.0,0.0,0.0,0.0,0.0,0.0,0.0,0.0,0.0,0.0,0.0,0.0,0.0,0.0,0.0,0.0,0,0,1,0,0,0,0,1,171.6,716.1972439135291,5.72,6.575350898881331
47.61904761904761,23.80952380952381,0.0,2.380952380952381,23.80952380952381,0.0,0.0,2.380952380952381,0.0,0.0,0.0,0.0,0.0,0.0,0.0,0.0,0.0,0.0,0.0,0.0,0.0,0.0,0.0,0,0,1,0,0,0,0,0,168.4,151.19719593730056,5.613333333333333,5.025177021718452
45.45454545454545,22.72727272727273,0.0,4.545454545454546,22.72727272727273,0.0,0.0,4.545454545454546,0.0,0.0,0.0,0.0,0.0,0.0,0.0,0.0,0.0,0.0,0.0,0.0,0.0,0.0,0.0,0,1,1,0,0,0,0,0,168.4,167.1126902464901,5.613333333333333,5.124634529810802
43.47826086956522,21.73913043478261,0.0,6.521739130434782,21.73913043478261,0.0,0.0,6.521739130434782,0.0,0.0,0.0,0.0,0.0,0.0,0.0,0.0,0.0,0.0,0.0,0.0,0.0,0.0,0.0,0,1,1,0,0,0,0,0,156.5,708.2394967589343,5.216666666666667,6.564193264638784
41.66666666666667,20.83333333333334,0.0,8.333333333333334,20.83333333333334,0.0,0.0,8.333333333333334,0.0,0.0,0.0,0.0,0.0,0.0,0.0,0.0,0.0,0.0,0.0,0.0,0.0,0.0,0.0,0,1,1,0,0,0,0,0,155.1,135.28170162811105,5.17,4.914724078979203
27.0,27.0,0.0,0.0,27.0,9.0,0.0,10.0,0.0,0.0,0.0,0.0,0.0,0.0,0.0,0.0,0.0,0.0,0.0,0.0,0.0,0.0,0.0,0,0,1,0,0,0,0,0,107.20927929479804,10.3,3.5736426431599346,2.424802725718295
27.0,27.0,0.0,0.0,27.0,9.0,0.0,9.4,0.0,0.0,0.0,0.0,0.6,0.0,0.0,0.0,0.0,0.0,0.0,0.0,0.0,0.0,0.0,0,0,1,0,0,0,0,0,110.0967843872397,7.1,3.6698928129079897,2.0918640616783932
27.0,27.0,0.0,0.0,27.0,9.0,0.0,9.0,0.0,0.0,0.0,0.0,1.0,0.0,0.0,0.0,0.0,0.0,0.0,0.0,0.0,0.0,0.0,0,0,1,0,0,0,0,0,107.57679273622252,8.5,3.585893091207417,2.2512917986064953
30.76923076923077,30.76923076923077,0.0,0.0,30.76923076923077,0.0,0.0,7.692307692307693,0.0,0.0,0.0,0.0,0.0,0.0,0.0,0.0,0.0,0.0,0.0,0.0,0.0,0.0,0.0,0,0,1,0,0,0,0,0,98.48,591.8,3.2826666666666666,6.384857073981877
28.57142857142857,28.57142857142857,0.0,7.142857142857142,28.57142857142857,0.0,0.0,7.142857142857142,0.0,0.0,0.0,0.0,0.0,0.0,0.0,0.0,0.0,0.0,0.0,0.0,0.0,0.0,0.0,0,1,1,0,0,0,0,0,112.5,452.7,3.75,6.117436186669918
26.66666666666667,26.66666666666667,0.0,13.33333333333333,26.66666666666667,0.0,0.0,6.666666666666667,0.0,0.0,0.0,0.0,0.0,0.0,0.0,0.0,0.0,0.0,0.0,0.0,0.0,0.0,0.0,0,1,0,0,0,0,0,0,114.1,697.0,3.8033333333333332,6.548219102762372
25.0,25.0,0.0,18.75,25.0,0.0,0.0,6.25,0.0,0.0,0.0,0.0,0.0,0.0,0.0,0.0,0.0,0.0,0.0,0.0,0.0,0.0,0.0,0,1,0,0,0,0,0,0,101.0,850.0,3.3666666666666667,6.7464121285733745
23.52941176470588,23.52941176470588,0.0,23.52941176470588,23.52941176470588,0.0,0.0,5.88235294117647,0.0,0.0,0.0,0.0,0.0,0.0,0.0,0.0,0.0,0.0,0.0,0.0,0.0,0.0,0.0,0,1,0,0,0,0,0,0,94.1,909.1,3.1366666666666663,6.81355448358331
33.33333333333333,33.33333333333333,0.0,0.0,33.33333333333333,0.0,0.0,0.0,0.0,0.0,0.0,0.0,0.0,0.0,0.0,0.0,0.0,0.0,0.0,0.0,0.0,0.0,0.0,0,0,1,0,0,0,0,0,164.3,55.9,5.4766666666666675,4.041295341132285
31.25,31.25,3.125,0.0,31.25,0.0,0.0,3.125,0.0,0.0,0.0,0.0,0.0,0.0,0.0,0.0,0.0,0.0,0.0,0.0,0.0,0.0,0.0,0,0,1,0,0,0,0,0,137.7,109.8,4.59,4.707726774313183
29.41176470588235,29.41176470588235,5.88235294117647,0.0,29.41176470588235,0.0,0.0,5.88235294117647,0.0,0.0,0.0,0.0,0.0,0.0,0.0,0.0,0.0,0.0,0.0,0.0,0.0,0.0,0.0,0,0,1,0,0,0,0,0,112.0,121.9,3.7333333333333334,4.811371016571989
27.77777777777778,27.77777777777778,8.333333333333334,0.0,27.77777777777778,0.0,0.0,8.333333333333334,0.0,0.0,0.0,0.0,0.0,0.0,0.0,0.0,0.0,0.0,0.0,0.0,0.0,0.0,0.0,0,0,1,0,0,0,0,0,83.4,108.7,2.7800000000000002,4.697749367281185
26.31578947368421,26.31578947368421,10.52631578947368,0.0,26.31578947368421,0.0,0.0,10.52631578947368,0.0,0.0,0.0,0.0,0.0,0.0,0.0,0.0,0.0,0.0,0.0,0.0,0.0,0.0,0.0,0,0,1,0,0,0,0,0,59.4,123.4,1.98,4.823502180305079
33.33333333333333,33.33333333333333,0.0,0.0,33.33333333333333,0.0,0.0,0.0,0.0,0.0,0.0,0.0,0.0,0.0,0.0,0.0,0.0,0.0,0.0,0.0,0.0,0.0,0.0,0,0,1,0,0,0,0,0,147.0,278.52115041081686,4.9,5.633077962042764
33.33333333333333,33.33333333333333,0.0,0.0,33.33333333333333,0.0,0.0,0.0,0.0,0.0,0.0,0.0,0.0,0.0,0.0,0.0,0.0,0.0,0.0,0.0,0.0,0.0,0.0,0,0,1,0,0,0,0,0,99.0,238.73241463784305,3.3,5.479523362326131
33.33333333333333,33.33333333333333,0.0,0.0,33.33333333333333,0.0,0.0,0.0,0.0,0.0,0.0,0.0,0.0,0.0,0.0,0.0,0.0,0.0,0.0,0.0,0.0,0.0,0.0,0,1,1,0,0,0,0,0,71.0,477.4648292756861,2.3666666666666667,6.170582706155418
33.33333333333333,33.33333333333333,0.0,0.0,33.33333333333333,0.0,0.0,0.0,0.0,0.0,0.0,0.0,0.0,0.0,0.0,0.0,0.0,0.0,0.0,0.0,0.0,0.0,0.0,0,1,1,0,0,0,0,0,93.0,557.0423008216337,3.1,6.32443476743211
29.41176470588236,23.52941176470588,0.0,5.88235294117647,29.41176470588236,0.0,0.0,0.0,0.0,0.0,0.0,11.76470588235294,0.0,0.0,0.0,0.0,0.0,0.0,0.0,0.0,0.0,0.0,0.0,0,0,1,0,0,0,0,0,52.47,60.95634320419592,1.7489999999999999,4.126429995152963
7.142857142857142,28.57142857142857,0.0,7.142857142857142,35.71428571428572,0.0,0.0,0.0,0.0,0.0,0.0,21.42857142857143,0.0,0.0,0.0,0.0,0.0,0.0,0.0,0.0,0.0,0.0,0.0,0,0,1,0,0,0,0,0,16.965,93.90141642421824,0.5655,4.552838630944101
25.0,25.0,0.0,20.0,25.0,0.0,0.0,5.0,0.0,0.0,0.0,0.0,0.0,0.0,0.0,0.0,0.0,0.0,0.0,0.0,0.0,0.0,0.0,0,1,0,0,0,0,0,0,108.0,66.0,3.6,4.204692619390966
25.0,25.0,0.0,15.0,25.0,0.0,0.0,10.0,0.0,0.0,0.0,0.0,0.0,0.0,0.0,0.0,0.0,0.0,0.0,0.0,0.0,0.0,0.0,0,1,0,0,0,0,0,0,106.0,51.0,3.533333333333333,3.9512437185814275
25.0,25.0,0.0,10.0,25.0,0.0,0.0,15.0,0.0,0.0,0.0,0.0,0.0,0.0,0.0,0.0,0.0,0.0,0.0,0.0,0.0,0.0,0.0,0,1,0,0,0,0,0,0,101.0,110.0,3.3666666666666667,4.709530201312334
25.0,0.0,0.0,0.0,25.0,0.0,0.0,0.0,0.0,0.0,0.0,25.0,0.0,25.0,0.0,0.0,0.0,0.0,0.0,0.0,0.0,0.0,0.0,0,0,1,0,0,0,0,0,13.82,13283.867325165043,0.46066666666666667,9.49438087132922
20.0,0.0,20.0,0.0,20.0,0.0,0.0,0.0,0.0,0.0,0.0,20.0,0.0,20.0,0.0,0.0,0.0,0.0,0.0,0.0,0.0,0.0,0.0,0,0,1,0,0,0,0,0,2.28,17970.980399221364,0.076,9.796569179560775
20.0,20.0,0.0,0.0,20.0,0.0,0.0,0.0,0.0,0.0,0.0,20.0,0.0,20.0,0.0,0.0,0.0,0.0,0.0,0.0,0.0,0.0,0.0,0,0,1,0,0,0,0,0,24.44,11900.015094981014,0.8146666666666668,9.384378977560848
10.52631578947368,36.84210526315789,0.0,0.0,31.57894736842105,0.0,0.0,0.0,0.0,0.0,0.0,0.0,0.0,21.05263157894737,0.0,0.0,0.0,0.0,0.0,0.0,0.0,0.0,0.0,0,1,1,0,0,0,0,0,81.0,1432.394487827058,2.7,7.267800678029234
10.52631578947368,36.84210526315789,0.0,0.0,31.57894736842105,0.0,0.0,0.0,0.0,0.0,0.0,0.0,0.0,21.05263157894737,0.0,0.0,0.0,0.0,0.0,0.0,0.0,0.0,0.0,0,1,1,0,0,0,0,0,85.0,2228.169203286535,2.8333333333333335,7.709384240458436
10.52631578947368,36.84210526315789,0.0,0.0,31.57894736842105,0.0,0.0,0.0,0.0,0.0,0.0,0.0,0.0,21.05263157894737,0.0,0.0,0.0,0.0,0.0,0.0,0.0,0.0,0.0,0,1,1,0,0,0,0,0,79.0,2148.591731740587,2.6333333333333333,7.673033210876219
26.31578947368421,26.31578947368421,0.0,0.0,26.31578947368421,0.0,0.0,0.0,21.05263157894737,0.0,0.0,0.0,0.0,0.0,0.0,0.0,0.0,0.0,0.0,0.0,0.0,0.0,0.0,0,1,1,0,0,0,0,0,78.6,362.0,2.6199999999999997,5.8944028342648505
26.17801047120419,26.17801047120419,0.0,0.0,26.17801047120419,0.0,0.0,0.0,20.94240837696335,0.0,0.0,0.0,0.0,0.0,0.5235602094240838,0.0,0.0,0.0,0.0,0.0,0.0,0.0,0.0,0,1,1,0,0,0,0,0,80.6,404.5,2.6866666666666665,6.005120873555468
26.04166666666667,26.04166666666667,0.0,0.0,26.04166666666667,0.0,0.0,0.0,20.83333333333334,0.0,0.0,0.0,0.0,0.0,1.041666666666667,0.0,0.0,0.0,0.0,0.0,0.0,0.0,0.0,0,1,1,0,0,0,0,0,82.2,529.8,2.74,6.274385302458052
25.90673575129534,25.90673575129534,0.0,0.0,25.90673575129534,0.0,0.0,0.0,20.72538860103627,0.0,0.0,0.0,0.0,0.0,1.55440414507772,0.0,0.0,0.0,0.0,0.0,0.0,0.0,0.0,0,1,1,0,0,0,0,0,84.4,580.7,2.8133333333333335,6.365954850916716
25.77319587628866,25.77319587628866,0.0,0.0,25.77319587628866,0.0,0.0,0.0,20.61855670103093,0.0,0.0,0.0,0.0,0.0,2.061855670103093,0.0,0.0,0.0,0.0,0.0,0.0,0.0,0.0,0,1,1,0,0,0,0,0,86.1,685.0,2.8699999999999997,6.530877627725885
25.64102564102565,25.64102564102565,0.0,0.0,25.64102564102565,0.0,0.0,0.0,20.51282051282051,0.0,0.0,0.0,0.0,0.0,2.564102564102564,0.0,0.0,0.0,0.0,0.0,0.0,0.0,0.0,0,1,1,0,0,0,0,0,88.8,1020.0,2.96,6.928537818164665
20.0,20.0,20.0,20.0,20.0,0.0,0.0,0.0,0.0,0.0,0.0,0.0,0.0,0.0,0.0,0.0,0.0,0.0,0.0,0.0,0.0,0.0,0.0,0,1,1,0,0,0,0,0,141.1,25870.635999587583,4.703333333333333,10.160902512437906
18.0,18.0,18.0,18.0,18.0,0.0,0.0,0.0,0.0,0.0,0.0,0.0,0.0,10.0,0.0,0.0,0.0,0.0,0.0,0.0,0.0,0.0,0.0,0,1,1,0,0,0,0,0,84.4,8029.36687898612,2.8133333333333335,8.990985494438354
18.0,18.0,18.0,18.0,18.0,0.0,0.0,0.0,0.0,0.0,0.0,10.0,0.0,0.0,0.0,0.0,0.0,0.0,0.0,0.0,0.0,0.0,0.0,0,1,1,0,0,0,0,0,98.33,7209.718922062859,3.2776666666666667,8.883323937106004
18.0,18.0,18.0,18.0,18.0,0.0,0.0,0.0,0.0,0.0,0.0,0.0,0.0,0.0,10.0,0.0,0.0,0.0,0.0,0.0,0.0,0.0,0.0,0,1,1,0,0,0,0,0,97.5,10170.000863572111,3.25,9.227295897530922
18.0,18.0,18.0,18.0,18.0,0.0,0.0,0.0,0.0,0.0,0.0,0.0,0.0,0.0,0.0,10.0,0.0,0.0,0.0,0.0,0.0,0.0,0.0,0,1,1,0,0,0,0,0,99.88,7488.240072473676,3.329333333333333,8.921222612415184
18.0,18.0,18.0,18.0,18.0,0.0,10.0,0.0,0.0,0.0,0.0,0.0,0.0,0.0,0.0,0.0,0.0,0.0,0.0,0.0,0.0,0.0,0.0,0,1,1,0,0,0,0,0,51.2,6254.789263511487,1.7066666666666668,8.741262596157696
18.0,18.0,18.0,18.0,18.0,0.0,0.0,0.0,0.0,0.0,0.0,0.0,0.0,0.0,0.0,0.0,10.0,0.0,0.0,0.0,0.0,0.0,0.0,0,1,1,0,0,0,0,0,97.83,9290.66980298939,3.261,9.136873557635711
21.74,21.74,21.74,17.39,17.39,0.0,0.0,0.0,0.0,0.0,0.0,0.0,0.0,0.0,0.0,0.0,0.0,0.0,0.0,0.0,0.0,0.0,0.0,0,1,1,0,0,0,0,0,78.6,362.0,2.6199999999999997,5.8944028342648505
21.64567086582683,21.64567086582683,21.64567086582683,17.31653669266147,17.31653669266147,0.0,0.0,0.0,0.0,0.0,0.0,0.0,0.0,0.0,0.0,0.0,0.4299140171965606,0.0,0.0,0.0,0.0,0.0,0.0,0,1,1,0,0,0,0,0,79.0,380.5,2.6333333333333333,5.9441108507245115
21.55215521552156,21.55215521552156,21.55215521552156,17.24172417241724,17.24172417241724,0.0,0.0,0.0,0.0,0.0,0.0,0.0,0.0,0.0,0.0,0.0,0.8600860086008602,0.0,0.0,0.0,0.0,0.0,0.0,0,1,1,0,0,0,0,0,79.7,383.4,2.6566666666666667,5.951683677096137
21.45785421457854,21.45785421457854,21.45785421457854,17.16828317168283,17.16828317168283,0.0,0.0,0.0,0.0,0.0,0.0,0.0,0.0,0.0,0.0,0.0,1.28987101289871,0.0,0.0,0.0,0.0,0.0,0.0,0,1,1,0,0,0,0,0,81.0,464.1,2.7,6.142252436230051
21.37,21.37,21.37,17.09,17.09,0.0,0.0,0.0,0.0,0.0,0.0,0.0,0.0,0.0,0.0,0.0,1.71,0.0,0.0,0.0,0.0,0.0,0.0,0,1,1,0,0,0,0,0,82.8,685.8,2.76,6.532043129023321
22.22222222222222,22.22222222222222,0.0,22.22222222222222,11.11111111111111,0.0,0.0,0.0,22.22222222222222,0.0,0.0,0.0,0.0,0.0,0.0,0.0,0.0,0.0,0.0,0.0,0.0,0.0,0.0,0,1,1,0,0,0,0,0,89.21,580.915542285418,2.9736666666666665,6.366325320852963
20.83333333333334,20.83333333333334,0.0,20.83333333333334,16.66666666666667,0.0,0.0,0.0,20.83333333333334,0.0,0.0,0.0,0.0,0.0,0.0,0.0,0.0,0.0,0.0,0.0,0.0,0.0,0.0,0,1,1,0,0,0,0,0,83.92,300.0070677282227,2.7973333333333334,5.707133745297866
20.0,20.0,0.0,20.0,20.0,0.0,0.0,0.0,20.0,0.0,0.0,0.0,0.0,0.0,0.0,0.0,0.0,0.0,0.0,0.0,0.0,0.0,0.0,0,1,1,0,0,0,0,0,73.73,462.345109681956,2.457666666666667,6.138472153713393
18.18181818181818,18.18181818181818,0.0,18.18181818181818,27.27272727272727,0.0,0.0,0.0,18.18181818181818,0.0,0.0,0.0,0.0,0.0,0.0,0.0,0.0,0.0,0.0,0.0,0.0,0.0,0.0,0,1,1,0,0,0,0,0,63.58,1090.211360179483,2.119333333333333,6.995043697756674
16.66666666666666,16.66666666666666,0.0,16.66666666666666,33.33333333333333,0.0,0.0,0.0,16.66666666666666,0.0,0.0,0.0,0.0,0.0,0.0,0.0,0.0,0.0,0.0,0.0,0.0,0.0,0.0,0,1,1,0,0,0,0,0,57.43,884.9014835909381,1.9143333333333332,6.78660575208747
14.28571428571428,14.28571428571428,0.0,14.28571428571428,42.85714285714285,0.0,0.0,0.0,14.28571428571428,0.0,0.0,0.0,0.0,0.0,0.0,0.0,0.0,0.0,0.0,0.0,0.0,0.0,0.0,0,0,1,0,0,0,0,0,54.68,1974.3170690549616,1.8226666666666667,7.588484205743499
31.25,31.25,0.0,3.125,31.25,0.0,0.0,3.125,0.0,0.0,0.0,0.0,0.0,0.0,0.0,0.0,0.0,0.0,0.0,0.0,0.0,0.0,0.0,0,0,1,0,0,0,0,0,143.37,86.07,4.779,4.466712392840524
27.77777777777778,27.77777777777778,0.0,8.333333333333334,27.77777777777778,0.0,0.0,8.333333333333334,0.0,0.0,0.0,0.0,0.0,0.0,0.0,0.0,0.0,0.0,0.0,0.0,0.0,0.0,0.0,0,1,1,0,0,0,0,0,113.84,131.9,3.7946666666666666,4.8895969657192
25.0,25.0,0.0,12.5,25.0,0.0,0.0,12.5,0.0,0.0,0.0,0.0,0.0,0.0,0.0,0.0,0.0,0.0,0.0,0.0,0.0,0.0,0.0,0,1,0,0,0,0,0,0,107.07,78.85,3.569,4.380149874661021
22.72727272727273,22.72727272727273,0.0,15.90909090909091,22.72727272727273,0.0,0.0,15.90909090909091,0.0,0.0,0.0,0.0,0.0,0.0,0.0,0.0,0.0,0.0,0.0,0.0,0.0,0.0,0.0,0,1,0,0,0,0,0,0,78.27,380.7,2.609,5.944634959751184
20.0,20.0,0.0,0.0,20.0,0.0,0.0,20.0,20.0,0.0,0.0,0.0,0.0,0.0,0.0,0.0,0.0,0.0,0.0,0.0,0.0,0.0,0.0,0,0,1,0,0,0,0,0,59.039,149.1,1.9679666666666666,5.011301738639416
20.0,20.0,20.0,0.0,20.0,0.0,0.0,20.0,0.0,0.0,0.0,0.0,0.0,0.0,0.0,0.0,0.0,0.0,0.0,0.0,0.0,0.0,0.0,0,1,1,0,0,0,0,0,1.0817,132.62,0.03605666666666667,4.894999950497331
20.0,20.0,0.0,0.0,20.0,0.0,0.0,20.0,0.0,0.0,0.0,0.0,0.0,20.0,0.0,0.0,0.0,0.0,0.0,0.0,0.0,0.0,0.0,0,0,1,0,0,0,0,0,6.1448,37.915,0.20482666666666666,3.6613797804113513
10.0,35.0,0.0,15.0,30.0,0.0,0.0,0.0,0.0,0.0,0.0,5.0,0.0,5.0,0.0,0.0,0.0,0.0,0.0,0.0,0.0,0.0,0.0,0,0,1,0,0,0,0,0,99.0,302.3943918746011,3.3,5.71503358248058
25.0,25.0,25.0,0.0,25.0,0.0,0.0,0.0,0.0,0.0,0.0,0.0,0.0,0.0,0.0,0.0,0.0,0.0,0.0,0.0,0.0,0.0,0.0,0,0,1,0,0,0,0,0,81.0,3827.676381360083,2.7,8.250274430109718
21.73913043478261,21.73913043478261,21.73913043478261,0.0,21.73913043478261,0.0,0.0,0.0,0.0,0.0,0.0,13.04347826086956,0.0,0.0,0.0,0.0,0.0,0.0,0.0,0.0,0.0,0.0,0.0,0,1,1,0,0,0,0,0,54.5,4925.845488694161,1.8166666666666667,8.50245420193332
20.83333333333334,20.83333333333334,20.83333333333334,0.0,20.83333333333334,0.0,0.0,0.0,0.0,0.0,0.0,16.66666666666667,0.0,0.0,0.0,0.0,0.0,0.0,0.0,0.0,0.0,0.0,0.0,0,1,1,0,0,0,0,0,23.5,7480.282325319081,0.7833333333333333,8.920159490141604
20.0,20.0,20.0,0.0,20.0,0.0,0.0,0.0,0.0,0.0,0.0,20.0,0.0,0.0,0.0,0.0,0.0,0.0,0.0,0.0,0.0,0.0,0.0,0,1,1,0,0,0,0,0,59.4,8514.789455416401,1.98,9.049677302294919
20.0,20.0,0.0,20.0,20.0,0.0,0.0,0.0,20.0,0.0,0.0,0.0,0.0,0.0,0.0,0.0,0.0,0.0,0.0,0.0,0.0,0.0,0.0,0,1,1,0,0,0,0,0,68.55844248601787,1582.0,2.2852814162005957,7.367077059881012
19.04761904761905,19.04761904761905,0.0,19.04761904761905,23.80952380952381,0.0,0.0,0.0,19.04761904761905,0.0,0.0,0.0,0.0,0.0,0.0,0.0,0.0,0.0,0.0,0.0,0.0,0.0,0.0,0,1,1,0,0,0,0,0,64.35355910683042,705.3,2.145118636894347,6.560040076414876
18.18181818181818,18.18181818181818,0.0,18.18181818181818,27.27272727272727,0.0,0.0,0.0,18.18181818181818,0.0,0.0,0.0,0.0,0.0,0.0,0.0,0.0,0.0,0.0,0.0,0.0,0.0,0.0,0,1,1,0,0,0,0,0,51.67284766636584,424.7,1.722428255545528,6.053734872834107
17.39130434782609,17.39130434782609,0.0,17.39130434782609,30.43478260869566,0.0,0.0,0.0,17.39130434782609,0.0,0.0,0.0,0.0,0.0,0.0,0.0,0.0,0.0,0.0,0.0,0.0,0.0,0.0,0,1,1,0,0,0,0,0,44.90406506544469,306.3,1.4968021688481563,5.727824469136439
43.95604395604396,21.97802197802198,6.593406593406594,5.494505494505495,21.97802197802198,0.0,0.0,0.0,0.0,0.0,0.0,0.0,0.0,0.0,0.0,0.0,0.0,0.0,0.0,0.0,0.0,0.0,0.0,0,0,1,0,0,0,0,0,90.0,91.51409227783982,3.0,4.527360981864076
41.66666666666667,20.83333333333334,6.25,10.41666666666667,20.83333333333334,0.0,0.0,0.0,0.0,0.0,0.0,0.0,0.0,0.0,0.0,0.0,0.0,0.0,0.0,0.0,0.0,0.0,0.0,0,1,1,0,0,0,0,0,63.0,119.36620731892152,2.1,4.790538823370869
39.6039603960396,19.8019801980198,5.940594059405941,14.85148514851485,19.8019801980198,0.0,0.0,0.0,0.0,0.0,0.0,0.0,0.0,0.0,0.0,0.0,0.0,0.0,0.0,0.0,0.0,0.0,0.0,0,1,1,0,0,0,0,0,111.0,4128.479223803765,3.7,8.325906582073026
37.73584905660378,18.86792452830189,5.660377358490567,18.86792452830189,18.86792452830189,0.0,0.0,0.0,0.0,0.0,0.0,0.0,0.0,0.0,0.0,0.0,0.0,0.0,0.0,0.0,0.0,0.0,0.0,0,1,1,0,0,0,0,0,148.0,1209.5775674984045,4.933333333333334,7.09885285321685
25.91659205063317,23.6370605079296,0.0,0.0,20.24233983510413,0.0,0.0,0.0,0.0,0.0,0.0,30.20400760633309,0.0,0.0,0.0,0.0,0.0,0.0,0.0,0.0,0.0,0.0,0.0,0,0,1,0,0,0,0,0,76.53,8912.67681314614,2.551,9.095342096751649
24.92639227584175,26.3161849613078,0.0,0.0,18.40899377084365,0.0,0.0,0.0,4.555514303945793,0.0,0.0,25.79291468806101,0.0,0.0,0.0,0.0,0.0,0.0,0.0,0.0,0.0,0.0,0.0,0,0,1,0,0,0,0,0,68.93,10265.493829427249,2.2976666666666667,9.236640845355803
22.09053643410862,21.3964132415764,0.0,0.0,23.89123494467086,0.0,0.0,0.0,9.192886417295052,0.0,0.0,23.42892896234908,0.0,0.0,0.0,0.0,0.0,0.0,0.0,0.0,0.0,0.0,0.0,0,0,1,0,0,0,0,0,58.56,11061.268544886729,1.9520000000000002,9.311295366601192
20.64780223679096,21.66535807488875,0.0,0.0,20.79751727254743,0.0,0.0,0.0,13.71056487022323,0.0,0.0,23.17875754554962,0.0,0.0,0.0,0.0,0.0,0.0,0.0,0.0,0.0,0.0,0.0,0,0,1,0,0,0,0,0,56.43,11337.402371151164,1.881,9.335950682978403
21.48330743900113,17.01328826669031,0.0,0.0,17.19999644538342,0.0,0.0,0.0,18.51914713914732,0.0,0.0,25.78426070977782,0.0,0.0,0.0,0.0,0.0,0.0,0.0,0.0,0.0,0.0,0.0,0,0,1,0,0,0,0,0,46.88,13209.860276627312,1.5626666666666666,9.488794518532009
28.5,38.0,3.0,2.0,28.5,0.0,0.0,0.0,0.0,0.0,0.0,0.0,0.0,0.0,0.0,0.0,0.0,0.0,0.0,0.0,0.0,0.0,0.0,0,0,1,0,0,0,0,0,143.71904761336776,440.6,4.7906349204455925,6.090404494962885
36.04000000000001,18.02,5.410000000000001,18.02,18.02,0.0,0.0,0.0,4.490000000000001,0.0,0.0,0.0,0.0,0.0,0.0,0.0,0.0,0.0,0.0,0.0,0.0,0.0,0.0,0,1,1,0,0,0,0,0,130.0,14483.099821362475,4.333333333333333,9.580806762698463
17.23482955113466,34.46965910226933,5.168449465160452,17.24482655203439,17.23482955113466,0.0,0.0,0.0,8.647405778266522,0.0,0.0,0.0,0.0,0.0,0.0,0.0,0.0,0.0,0.0,0.0,0.0,0.0,0.0,0,1,1,0,0,0,0,0,122.0,12573.240504259731,4.066666666666666,9.439405595868383
33.06,16.53,4.96,16.53,16.53,0.0,0.0,0.0,12.39,0.0,0.0,0.0,0.0,0.0,0.0,0.0,0.0,0.0,0.0,0.0,0.0,0.0,0.0,0,1,1,0,0,0,0,0,112.0,8196.47956923261,3.7333333333333334,9.011582016398846
30.83495145631068,15.40776699029126,4.621359223300971,15.40776699029126,15.40776699029126,0.0,0.0,0.0,18.32038834951456,0.0,0.0,0.0,0.0,0.0,0.0,0.0,0.0,0.0,0.0,0.0,0.0,0.0,0.0,0,1,1,0,0,0,0,0,74.0,3183.098861837907,2.466666666666667,8.065924596054453
25.0,0.0,25.0,0.0,25.0,0.0,0.0,0.0,0.0,0.0,0.0,0.0,0.0,0.0,0.0,0.0,25.0,0.0,0.0,0.0,0.0,0.0,0.0,0,1,0,0,0,0,0,0,37.79,2260.0001919049137,1.2596666666666667,7.723562557154089
12.5,12.5,25.0,0.0,25.0,0.0,0.0,0.0,0.0,0.0,0.0,0.0,0.0,0.0,0.0,0.0,25.0,0.0,0.0,0.0,0.0,0.0,0.0,0,1,0,0,0,0,0,0,78.48,2180.422720358966,2.616,7.687732566934565
0.0,25.0,25.0,0.0,25.0,0.0,0.0,0.0,0.0,0.0,0.0,0.0,0.0,0.0,0.0,0.0,25.0,0.0,0.0,0.0,0.0,0.0,0.0,0,1,0,0,0,0,0,0,115.92,2220.21145613194,3.864,7.705808026986035
20.0,35.0,0.0,0.0,20.0,0.0,0.0,0.0,0.0,0.0,0.0,5.0,0.0,20.0,0.0,0.0,0.0,0.0,0.0,0.0,0.0,0.0,0.0,0,0,0,0,0,0,0,0,86.8,7846.33869443044,2.893333333333333,8.967929733478465
35.0,20.0,0.0,0.0,20.0,0.0,0.0,0.0,0.0,0.0,0.0,5.0,0.0,20.0,0.0,0.0,0.0,0.0,0.0,0.0,0.0,0.0,0.0,0,0,0,0,0,0,0,0,76.4,7050.563978970964,2.546666666666667,8.86100471219203
20.0,20.0,0.0,0.0,35.0,0.0,0.0,0.0,0.0,0.0,0.0,5.0,0.0,20.0,0.0,0.0,0.0,0.0,0.0,0.0,0.0,0.0,0.0,0,0,0,0,0,0,0,0,38.8,1424.4367406724632,1.2933333333333332,7.262233530428345
19.9,19.9,0.0,19.6,20.2,0.0,0.0,0.0,0.0,0.0,0.0,20.4,0.0,0.0,0.0,0.0,0.0,0.0,0.0,0.0,0.0,0.0,0.0,0,1,0,0,0,0,0,0,59.27,11.14,1.9756666666666667,2.4965057856313524
19.3,18.6,0.0,19.0,19.1,0.0,0.0,4.9,0.0,0.0,0.0,19.1,0.0,0.0,0.0,0.0,0.0,0.0,0.0,0.0,0.0,0.0,0.0,0,1,0,0,0,0,0,0,48.53,15.915,1.6176666666666668,2.8282008022326717
18.3,18.3,0.0,17.5,18.0,0.0,0.0,9.4,0.0,0.0,0.0,18.5,0.0,0.0,0.0,0.0,0.0,0.0,0.0,0.0,0.0,0.0,0.0,0,1,0,0,0,0,0,0,46.57,18.3,1.5523333333333333,2.9601050959108397
17.1,16.5,0.0,17.6,17.9,0.0,0.0,13.7,0.0,0.0,0.0,17.2,0.0,0.0,0.0,0.0,0.0,0.0,0.0,0.0,0.0,0.0,0.0,0,1,0,0,0,0,0,0,40.67,8.75,1.3556666666666668,2.277267285009756
25.0,25.0,0.0,0.0,25.0,0.0,0.0,0.0,25.0,0.0,0.0,0.0,0.0,0.0,0.0,0.0,0.0,0.0,0.0,0.0,0.0,0.0,0.0,0,0,1,0,0,0,0,0,91.08,1392.6057520540842,3.036,7.239649733568254
25.0,25.0,0.0,0.0,25.0,0.0,0.0,5.0,20.0,0.0,0.0,0.0,0.0,0.0,0.0,0.0,0.0,0.0,0.0,0.0,0.0,0.0,0.0,0,0,1,0,0,0,0,0,95.51,2287.852306945996,3.183666666666667,7.7358057949114984
25.0,25.0,0.0,0.0,25.0,0.0,0.0,10.0,15.0,0.0,0.0,0.0,0.0,0.0,0.0,0.0,0.0,0.0,0.0,0.0,0.0,0.0,0.0,0,0,1,0,0,0,0,0,94.86,1870.0705813297704,3.162,7.5342660494159945
25.0,25.0,0.0,0.0,25.0,0.0,0.0,15.0,10.0,0.0,0.0,0.0,0.0,0.0,0.0,0.0,0.0,0.0,0.0,0.0,0.0,0.0,0.0,0,0,1,0,0,0,0,0,87.97,2586.2678252432997,2.9323333333333332,7.858357704173133
25.0,25.0,0.0,0.0,25.0,0.0,0.0,20.0,5.0,0.0,0.0,0.0,0.0,0.0,0.0,0.0,0.0,0.0,0.0,0.0,0.0,0.0,0.0,0,0,1,0,0,0,0,0,95.0,3879.401737864949,3.1666666666666665,8.263693967944194
25.0,25.0,0.0,0.0,25.0,0.0,0.0,25.0,0.0,0.0,0.0,0.0,0.0,0.0,0.0,0.0,0.0,0.0,0.0,0.0,0.0,0.0,0.0,0,0,1,0,0,0,0,0,74.79,4874.120132189295,2.4930000000000003,8.491900025628695
30.0,30.0,0.0,10.0,30.0,0.0,0.0,0.0,0.0,0.0,0.0,0.0,0.0,0.0,0.0,0.0,0.0,0.0,0.0,0.0,0.0,0.0,0.0,0,0,1,0,0,0,0,0,136.7,334.2253804929802,4.556666666666667,5.814803083202664
33.33333333333333,22.22222222222222,0.0,7.777777777777778,33.33333333333333,0.0,0.0,0.0,0.0,0.0,0.0,0.0,0.0,3.333333333333333,0.0,0.0,0.0,0.0,0.0,0.0,0.0,0.0,0.0,0,0,1,0,0,0,0,0,125.7,517.2535650486599,4.19,6.2504646303055615
30.0,30.0,0.0,5.0,30.0,0.0,0.0,0.0,0.0,0.0,0.0,0.0,0.0,5.0,0.0,0.0,0.0,0.0,0.0,0.0,0.0,0.0,0.0,0,0,1,0,0,0,0,0,121.1,644.5775195221761,4.036666666666666,6.470145295287167
30.0,30.0,0.0,3.0,30.0,0.0,0.0,0.0,0.0,0.0,0.0,0.0,0.0,7.0,0.0,0.0,0.0,0.0,0.0,0.0,0.0,0.0,0.0,0,0,1,0,0,0,0,0,117.9,899.2254284692087,3.93,6.802645208037314
30.0,30.0,0.0,0.0,30.0,0.0,0.0,0.0,0.0,0.0,0.0,0.0,0.0,10.0,0.0,0.0,0.0,0.0,0.0,0.0,0.0,0.0,0.0,0,0,1,0,0,0,0,0,115.2,1424.4367406724632,3.8400000000000003,7.262233530428345
28.02690582959641,22.42152466367713,4.708520179372197,22.42152466367713,22.42152466367713,0.0,0.0,0.0,0.0,0.0,0.0,0.0,0.0,0.0,0.0,0.0,0.0,0.0,0.0,0.0,0.0,0.0,0.0,0,1,1,0,0,0,0,0,80.7,2387.32414637843,2.69,7.778347204990155
26.82403433476395,21.45922746781116,4.506437768240342,21.45922746781116,21.45922746781116,0.0,0.0,0.0,0.0,0.0,0.0,0.0,0.0,0.0,0.0,4.291845493562231,0.0,0.0,0.0,0.0,0.0,0.0,0.0,0,1,1,0,0,0,0,0,117.2,3899.296105751436,3.9066666666666667,8.268807753787264
25.20161290322581,20.16129032258065,4.233870967741935,20.16129032258065,20.16129032258065,0.0,0.0,0.0,0.0,0.0,0.0,0.0,0.0,0.0,0.0,10.08064516129032,0.0,0.0,0.0,0.0,0.0,0.0,0.0,0,1,1,0,0,0,0,0,77.4,2069.0142601946395,2.58,7.635310775218604
30.0,50.0,0.0,0.0,20.0,0.0,0.0,0.0,0.0,0.0,0.0,0.0,0.0,0.0,0.0,0.0,0.0,0.0,0.0,0.0,0.0,0.0,0.0,0,0,1,0,0,0,0,0,168.06,887.93,5.602,6.790018492256255
28.5,47.5,0.0,1.666666666666667,19.0,0.0,0.0,3.333333333333333,0.0,0.0,0.0,0.0,0.0,0.0,0.0,0.0,0.0,0.0,0.0,0.0,0.0,0.0,0.0,0,0,1,0,0,0,0,0,153.45,1158.37,5.114999999999999,7.055632033118036
27.0,45.0,0.0,3.333333333333333,18.0,0.0,0.0,6.666666666666667,0.0,0.0,0.0,0.0,0.0,0.0,0.0,0.0,0.0,0.0,0.0,0.0,0.0,0.0,0.0,0,0,1,0,0,0,0,0,130.97,1194.29,4.365666666666667,7.086144112748379
25.5,42.5,0.0,5.0,17.0,0.0,0.0,10.0,0.0,0.0,0.0,0.0,0.0,0.0,0.0,0.0,0.0,0.0,0.0,0.0,0.0,0.0,0.0,0,1,1,0,0,0,0,0,117.1,921.25,3.9033333333333333,6.826816336476785
22.5,37.5,0.0,8.333333333333334,15.0,0.0,0.0,16.66666666666667,0.0,0.0,0.0,0.0,0.0,0.0,0.0,0.0,0.0,0.0,0.0,0.0,0.0,0.0,0.0,0,1,0,0,0,0,0,0,116.48,990.48,3.8826666666666667,6.899198776299016
68.0,17.0,5.0,10.0,0.0,0.0,0.0,0.0,0.0,0.0,0.0,0.0,0.0,0.0,0.0,0.0,0.0,0.0,0.0,0.0,0.0,0.0,0.0,0,1,0,0,0,0,0,0,122.55,96.28874057059669,4.085,4.57768326379713
68.0,17.0,5.0,5.0,0.0,0.0,0.0,5.0,0.0,0.0,0.0,0.0,0.0,0.0,0.0,0.0,0.0,0.0,0.0,0.0,0.0,0.0,0.0,0,1,0,0,0,0,0,0,123.66,160.7464925228143,4.122,5.086030248588334
68.0,17.0,5.0,0.0,0.0,0.0,0.0,10.0,0.0,0.0,0.0,0.0,0.0,0.0,0.0,0.0,0.0,0.0,0.0,0.0,0.0,0.0,0.0,0,1,0,0,0,0,0,0,122.64,191.7817064257339,4.088,5.2615584939907505
64.0,16.0,10.0,10.0,0.0,0.0,0.0,0.0,0.0,0.0,0.0,0.0,0.0,0.0,0.0,0.0,0.0,0.0,0.0,0.0,0.0,0.0,0.0,0,1,0,0,0,0,0,0,153.75,156.76761894551692,5.125,5.061123184221124
64.0,16.0,10.0,5.0,0.0,0.0,0.0,5.0,0.0,0.0,0.0,0.0,0.0,0.0,0.0,0.0,0.0,0.0,0.0,0.0,0.0,0.0,0.0,0,1,0,0,0,0,0,0,170.65,243.5070629305999,5.6883333333333335,5.499244195739416
64.0,16.0,10.0,0.0,0.0,0.0,0.0,10.0,0.0,0.0,0.0,0.0,0.0,0.0,0.0,0.0,0.0,0.0,0.0,0.0,0.0,0.0,0.0,0,1,1,0,0,0,0,0,151.83,287.2746722808711,5.061000000000001,5.663913748828405
60.0,15.0,15.0,10.0,0.0,0.0,0.0,0.0,0.0,0.0,0.0,0.0,0.0,0.0,0.0,0.0,0.0,0.0,0.0,0.0,0.0,0.0,0.0,0,1,1,0,0,0,0,0,140.87,177.4577615474633,4.695666666666667,5.184351943232201
60.0,15.0,15.0,5.0,0.0,0.0,0.0,5.0,0.0,0.0,0.0,0.0,0.0,0.0,0.0,0.0,0.0,0.0,0.0,0.0,0.0,0.0,0.0,0,1,1,0,0,0,0,0,154.5,338.2042540702776,5.15,5.8266024453198755
60.0,15.0,15.0,0.0,0.0,0.0,0.0,10.0,0.0,0.0,0.0,0.0,0.0,0.0,0.0,0.0,0.0,0.0,0.0,0.0,0.0,0.0,0.0,0,1,1,0,0,0,0,0,142.31,404.25355545341415,4.743666666666667,6.004512934058888
77.5,0.0,0.0,0.0,0.0,7.0,0.0,11.5,1.0,0.0,0.0,0.0,0.0,0.0,0.0,0.0,0.0,0.0,3.0,0.0,0.0,0.0,0.0,0,1,0,0,0,0,0,0,171.79,26.6,5.726333333333333,3.3178157727231046
77.5,0.0,0.0,0.0,0.0,7.0,0.0,11.5,1.0,0.0,0.0,0.0,0.0,0.0,0.0,0.0,0.0,1.0,2.0,0.0,0.0,0.0,0.0,0,1,0,0,0,0,0,0,170.31,1.64,5.6770000000000005,0.9707789171582248
77.5,0.0,0.0,0.0,0.0,7.0,0.0,11.5,1.0,0.0,0.0,0.0,0.0,0.0,0.0,0.0,0.0,2.0,1.0,0.0,0.0,0.0,0.0,0,1,0,0,0,0,0,0,166.23,6.73,5.5409999999999995,2.0451088625993306
77.5,0.0,0.0,0.0,0.0,7.0,0.0,11.5,1.0,0.0,0.0,0.0,0.0,0.0,0.0,0.0,0.0,3.0,0.0,0.0,0.0,0.0,0.0,0,1,0,0,0,0,0,0,166.15,13.02,5.538333333333333,2.640484881606444
88.0,0.0,0.0,0.0,0.0,4.0,0.0,0.0,1.0,0.0,0.0,0.0,0.0,0.0,0.0,0.0,0.0,0.0,7.0,0.0,0.0,0.0,0.0,0,1,0,0,0,0,0,0,161.915111583659,12.7451278427989,5.397170386121967,2.6206844226142527
79.2,0.0,0.0,0.0,8.8,4.0,0.0,0.0,1.0,0.0,0.0,0.0,0.0,0.0,0.0,0.0,0.0,0.0,7.0,0.0,0.0,0.0,0.0,0,1,0,0,0,0,0,0,136.300854989093,8.73760637574505,4.543361832969767,2.275995335475584
70.4,0.0,0.0,0.0,17.6,4.0,0.0,0.0,1.0,0.0,0.0,0.0,0.0,0.0,0.0,0.0,0.0,0.0,7.0,0.0,0.0,0.0,0.0,0,1,0,0,0,0,0,0,123.58637479131,7.17072596100534,4.119545826377,2.1005577618405677
61.6,0.0,0.0,0.0,26.4,4.0,0.0,0.0,1.0,0.0,0.0,0.0,0.0,0.0,0.0,0.0,0.0,0.0,7.0,0.0,0.0,0.0,0.0,0,1,1,0,0,0,0,0,116.092047448264,35.0212494526561,3.8697349149421334,3.5841090268934583
52.4,0.0,0.0,0.0,35.2,4.0,0.0,0.0,1.0,0.0,0.0,0.0,0.0,0.0,0.0,0.0,0.0,0.0,7.0,0.0,0.0,0.0,0.0,0,1,1,0,0,0,0,0,101.778838919401,41.6444824094253,3.392627963980033,3.752897896504904
44.0,0.0,0.0,0.0,44.0,4.0,0.0,0.0,1.0,0.0,0.0,0.0,0.0,0.0,0.0,0.0,0.0,0.0,7.0,0.0,0.0,0.0,0.0,0,1,1,0,0,0,0,0,96.7782293391247,52.8434199800865,3.2259409779708235,3.986080204494543
35.2,0.0,0.0,0.0,52.8,4.0,0.0,0.0,1.0,0.0,0.0,0.0,0.0,0.0,0.0,0.0,0.0,0.0,7.0,0.0,0.0,0.0,0.0,0,1,1,0,0,0,0,0,89.8414801254665,21.4294173126082,2.9947160041822167,3.1103733701567062
26.4,0.0,0.0,0.0,61.6,4.0,0.0,0.0,1.0,0.0,0.0,0.0,0.0,0.0,0.0,0.0,0.0,0.0,7.0,0.0,0.0,0.0,0.0,0,1,1,0,0,0,0,0,73.2576568396254,16.7064943763562,2.44192189465418,2.8739314862017618
17.6,0.0,0.0,0.0,70.4,4.0,0.0,0.0,1.0,0.0,0.0,0.0,0.0,0.0,0.0,0.0,0.0,0.0,7.0,0.0,0.0,0.0,0.0,0,1,1,0,0,0,0,0,54.3953368388047,22.2267835774986,1.8131778946268233,3.1453060773378643
78.37,0.0,0.0,0.0,0.0,12.5,0.0,2.5,1.0,2.63,0.0,0.0,0.0,0.0,0.0,0.0,0.0,2.0,0.0,1.0,0.0,0.0,0.0,0,1,0,0,0,0,0,0,186.87918012746,8.32055,6.2293060042486665,2.2322216398318453
76.74,0.0,0.0,0.0,0.0,12.5,0.0,2.5,1.0,5.26,0.0,0.0,0.0,0.0,0.0,0.0,0.0,1.0,0.0,1.0,0.0,0.0,0.0,0,1,0,0,1,0,0,0,179.5344929604,13.3727,5.98448309868,2.6653305738820485
75.11,0.0,0.0,0.0,0.0,12.5,0.0,2.5,1.0,7.89,0.0,0.0,0.0,0.0,0.0,0.0,0.0,0.0,0.0,1.0,0.0,0.0,0.0,0,1,0,0,1,0,0,0,185.050721054573,12.41038,6.168357368485767,2.5960290339539944
70.0,12.0,0.0,0.0,0.0,0.0,0.0,18.0,0.0,0.0,0.0,0.0,0.0,0.0,0.0,0.0,0.0,0.0,0.0,0.0,0.0,0.0,0.0,1,0,0,0,0,0,0,0,198.402220253081,38.05,6.613407341769366,3.664842876285695
33.22,33.22,0.0,0.0,33.22,0.0,0.0,0.0,0.0,0.0,0.0,0.0,0.0,0.0,0.0,0.0,0.0,0.0,0.0,0.0,0.34,0.0,0.0,0,0,1,1,0,0,0,0,159.71404,176.79599,5.323801333333334,5.180636769394651
33.0,33.0,0.0,0.0,33.0,0.0,0.0,0.0,0.0,0.0,0.0,0.0,0.0,0.0,0.0,0.0,0.0,0.0,0.0,0.0,1.0,0.0,0.0,0,0,1,1,0,0,0,0,149.4602,434.10251,4.982006666666666,6.07558165849878
32.79,32.79,0.0,0.0,32.79,0.0,0.0,0.0,0.0,0.0,0.0,0.0,0.0,0.0,0.0,0.0,0.0,0.0,0.0,0.0,1.64,0.0,0.0,0,0,1,1,0,0,0,0,144.29434,780.24105,4.809811333333333,6.660883744984991
32.57,32.57,0.0,0.0,32.57,0.0,0.0,0.0,0.0,0.0,0.0,0.0,0.0,0.0,0.0,0.0,0.0,0.0,0.0,0.0,2.28,0.0,0.0,0,0,1,1,0,0,0,0,140.6341,954.8419,4.687803333333333,6.862592522806151
38.0,38.0,0.0,0.0,0.0,15.0,0.0,0.0,1.0,0.0,8.0,0.0,0.0,0.0,0.0,0.0,0.0,0.0,0.0,0.0,0.0,0.0,0.0,0,1,0,0,1,1,0,0,125.0,3143.31012606493,4.166666666666667,8.053349789290326
39.5,39.5,0.0,0.0,0.0,12.0,0.0,0.0,1.0,0.0,8.0,0.0,0.0,0.0,0.0,0.0,0.0,0.0,0.0,0.0,0.0,0.0,0.0,0,1,0,0,1,1,0,0,133.0,3199.01435614709,4.433333333333334,8.07091057507372
42.0,42.0,0.0,0.0,0.0,15.0,0.0,0.0,1.0,0.0,0.0,0.0,0.0,0.0,0.0,0.0,0.0,0.0,0.0,0.0,0.0,0.0,0.0,0,1,1,0,0,1,0,0,143.0,2387.32414637843,4.766666666666667,7.778347204990155
63.0,21.0,0.0,0.0,0.0,15.0,0.0,0.0,1.0,0.0,0.0,0.0,0.0,0.0,0.0,0.0,0.0,0.0,0.0,0.0,0.0,0.0,0.0,0,1,1,0,1,0,0,0,173.0,2387.32414637843,5.766666666666667,7.778347204990155
84.0,0.0,0.0,0.0,0.0,15.0,0.0,0.0,1.0,0.0,0.0,0.0,0.0,0.0,0.0,0.0,0.0,0.0,0.0,0.0,0.0,0.0,0.0,0,1,0,0,1,0,0,0,152.0,1034.50713009731,5.066666666666666,6.9426465664684365
85.0,0.0,0.0,0.0,0.0,15.0,0.0,0.0,0.0,0.0,0.0,0.0,0.0,0.0,0.0,0.0,0.0,0.0,0.0,0.0,0.0,0.0,0.0,0,1,1,1,1,0,0,0,168.0,1034.50713009731,5.6,6.9426465664684365
29.19,31.21,0.0,5.2,34.41,0.0,0.0,0.0,0.0,0.0,0.0,0.0,0.0,0.0,0.0,0.0,0.0,0.0,0.0,0.0,0.0,0.0,0.0,0,0,1,0,0,0,0,0,129.54,58.8873289440012,4.318,4.092464945916307
24.99,28.05,0.0,2.98,34.22,0.0,0.0,0.0,0.0,0.0,0.0,0.0,0.0,0.0,0.0,0.0,0.0,0.0,0.0,0.0,0.0,9.765,0.0,0,0,1,1,0,0,0,0,136.53,278.521150410816,4.551,5.633077962042761
25.925,28.455,0.0,2.835,32.56,0.0,0.0,0.0,0.0,0.0,0.0,0.0,0.0,0.0,0.0,0.0,0.0,0.0,0.0,0.0,0.0,10.19,0.0,0,0,1,1,0,0,0,0,139.25,461.549334966496,4.641666666666667,6.136753221461448
28.94,30.59,0.0,2.7,27.615,0.0,0.0,0.0,0.0,0.0,0.0,0.0,0.0,0.0,0.0,0.0,0.0,0.0,0.0,0.0,0.0,10.155,0.0,0,0,1,1,0,0,0,0,121.31,103.450713009731,4.043666666666667,4.648715314305087
31.495,29.99,0.0,2.685,25.85,0.0,0.0,0.0,0.0,0.0,0.0,0.0,0.0,0.0,0.0,0.0,0.0,0.0,0.0,0.0,0.0,9.96,0.0,0,0,0,1,0,0,0,0,115.78,262.605656101627,3.8593333333333333,5.574454259536341
64.0,16.0,10.0,10.0,0.0,0.0,0.0,0.0,0.0,0.0,0.0,0.0,0.0,0.0,0.0,0.0,0.0,0.0,0.0,0.0,0.0,0.0,0.0,1,1,0,0,0,0,0,0,140.64542,221.305823275,4.688180666666667,5.4040540161961035
63.2,15.8,10.0,10.0,0.0,0.0,0.0,1.0,0.0,0.0,0.0,0.0,0.0,0.0,0.0,0.0,0.0,0.0,0.0,0.0,0.0,0.0,0.0,1,1,0,0,0,0,0,0,149.62943,201.296856675,4.987647666666667,5.309736206114279
62.4,15.6,10.0,10.0,0.0,0.0,0.0,2.0,0.0,0.0,0.0,0.0,0.0,0.0,0.0,0.0,0.0,0.0,0.0,0.0,0.0,0.0,0.0,0,1,0,0,0,0,0,0,163.41997,147.3106849,5.447332333333334,4.999309295773011
61.6,15.4,10.0,10.0,0.0,0.0,0.0,3.0,0.0,0.0,0.0,0.0,0.0,0.0,0.0,0.0,0.0,0.0,0.0,0.0,0.0,0.0,0.0,0,1,0,0,0,0,0,0,186.46872,127.302514075,6.215624,4.854390866714096
60.8,15.2,10.0,10.0,0.0,0.0,0.0,4.0,0.0,0.0,0.0,0.0,0.0,0.0,0.0,0.0,0.0,0.0,0.0,0.0,0.0,0.0,0.0,0,1,0,0,0,0,0,0,179.64603,125.70221055,5.988201,4.841839534294073
60.0,15.0,10.0,10.0,0.0,0.0,0.0,5.0,0.0,0.0,0.0,0.0,0.0,0.0,0.0,0.0,0.0,0.0,0.0,0.0,0.0,0.0,0.0,0,1,0,0,0,0,0,0,171.12977,106.602814775,5.704325666666667,4.6784468070044865
49.0,44.9,0.0,0.0,6.1,0.0,0.0,0.0,0.0,0.0,0.0,0.0,0.0,0.0,0.0,0.0,0.0,0.0,0.0,0.0,0.0,0.0,0.0,0,1,0,0,0,0,0,0,225.2,3397.95925,7.506666666666666,8.131224560804009
26.9,22.3,0.0,0.0,50.8,0.0,0.0,0.0,0.0,0.0,0.0,0.0,0.0,0.0,0.0,0.0,0.0,0.0,0.0,0.0,0.0,0.0,0.0,0,0,1,0,0,0,0,0,132.2,1392.60625,4.406666666666666,7.239650090875783
65.5,11.7,0.0,0.0,22.8,0.0,0.0,0.0,0.0,0.0,0.0,0.0,0.0,0.0,0.0,0.0,0.0,0.0,0.0,0.0,0.0,0.0,0.0,0,1,0,0,0,0,0,0,194.7,2657.8885,6.489999999999999,7.885663457306264
17.4,44.3,0.0,0.0,38.3,0.0,0.0,0.0,0.0,0.0,0.0,0.0,0.0,0.0,0.0,0.0,0.0,0.0,0.0,0.0,0.0,0.0,0.0,0,1,1,0,0,0,0,0,182.1,2522.60675,6.069999999999999,7.833444407243434
36.5,55.1,0.0,0.0,8.4,0.0,0.0,0.0,0.0,0.0,0.0,0.0,0.0,0.0,0.0,0.0,0.0,0.0,0.0,0.0,0.0,0.0,0.0,0,1,1,0,0,0,0,0,192.9,2299.78975,6.430000000000001,7.74100771254462
22.6,73.4,0.0,0.0,4.0,0.0,0.0,0.0,0.0,0.0,0.0,0.0,0.0,0.0,0.0,0.0,0.0,0.0,0.0,0.0,0.0,0.0,0.0,0,0,1,0,0,0,0,0,183.0,2275.9165,6.1,7.730577394332929
48.2,42.5,0.0,0.0,9.3,0.0,0.0,0.0,0.0,0.0,0.0,0.0,0.0,0.0,0.0,0.0,0.0,0.0,0.0,0.0,0.0,0.0,0.0,0,1,0,0,0,0,0,0,187.7,3310.424,6.256666666666666,8.105133587337045
5.7,84.4,0.0,0.0,9.9,0.0,0.0,0.0,0.0,0.0,0.0,0.0,0.0,0.0,0.0,0.0,0.0,0.0,0.0,0.0,0.0,0.0,0.0,0,1,0,0,0,0,0,0,200.9,4360.847,6.696666666666667,8.380650870493039
37.3,62.7,0.0,0.0,0.0,0.0,0.0,0.0,0.0,0.0,0.0,0.0,0.0,0.0,0.0,0.0,0.0,0.0,0.0,0.0,0.0,0.0,0.0,0,0,1,0,0,0,0,0,193.2,3167.1845,6.4399999999999995,8.060913989874877
94.2,0.0,0.0,0.0,0.0,0.0,0.0,5.8,0.0,0.0,0.0,0.0,0.0,0.0,0.0,0.0,0.0,0.0,0.0,0.0,0.0,0.0,0.0,0,1,0,0,0,0,0,0,204.01925,1351.21480915,6.8006416666666665,7.209499126489817
73.63,0.0,0.0,14.32,0.0,0.0,0.0,12.05,0.0,0.0,0.0,0.0,0.0,0.0,0.0,0.0,0.0,0.0,0.0,0.0,0.0,0.0,0.0,0,1,0,0,0,0,0,0,156.66419,1738.4596143,5.222139666666666,7.461329777478561
83.95,0.0,0.0,0.0,0.0,0.0,0.0,16.41,0.0,0.0,0.0,0.0,0.0,0.0,0.0,0.0,0.0,0.0,0.0,0.0,0.0,0.0,0.0,0,1,0,0,0,0,0,0,178.2091,1247.8102141,5.9403033333333335,7.12994654829974
70.7,0.0,0.0,14.08,0.0,0.0,0.0,15.22,0.0,0.0,0.0,0.0,0.0,0.0,0.0,0.0,0.0,0.0,0.0,0.0,0.0,0.0,0.0,0,1,0,0,0,0,0,0,147.18589,2192.32670245,4.906196333333333,7.693174712447595
72.0,0.0,0.0,28.0,0.0,0.0,0.0,0.0,0.0,0.0,0.0,0.0,0.0,0.0,0.0,0.0,0.0,0.0,0.0,0.0,0.0,0.0,0.0,1,0,0,0,0,0,0,0,102.18,595.10441825,3.406,6.390415850125941
50.22,11.34,0.0,0.0,0.0,18.0,0.0,1.0,0.0,0.0,0.0,19.44,0.0,0.0,0.0,0.0,0.0,0.0,0.0,0.0,0.0,0.0,0.0,0,1,0,0,0,0,1,0,104.923813885141,26045.0,3.4974604628380335,10.167619484527648
51.86,11.62,0.0,0.0,0.0,16.0,0.0,1.0,0.0,0.0,0.0,20.04,0.0,0.0,0.0,0.0,0.0,0.0,0.0,0.0,0.0,0.0,0.0,0,1,0,0,0,0,1,0,80.2704146833167,19300.0,2.67568048944389,9.867912187022208
53.49,11.9,0.0,0.0,0.0,14.0,0.0,1.0,0.0,0.0,0.0,20.64,0.0,0.0,0.0,0.0,0.0,0.0,0.0,0.0,0.0,0.0,0.0,0,1,0,0,0,0,1,0,106.910155844953,15860.0,3.5636718614984333,9.67161854490356
22.2222222222222,44.4444444444444,16.6666666666666,16.6666666666666,0.0,0.0,0.0,0.0,0.0,0.0,0.0,0.0,0.0,0.0,0.0,0.0,0.0,0.0,0.0,0.0,0.0,0.0,0.0,0,1,0,0,0,0,0,0,180.595225383642,88.60822,6.0198408461214,4.495447056844359
21.9780219780219,43.9560439560439,16.4835164835164,16.4835164835164,0.0,0.0,0.0,0.0,0.0,0.0,0.0,1.09890109890109,0.0,0.0,0.0,0.0,0.0,0.0,0.0,0.0,0.0,0.0,0.0,0,1,0,0,0,0,0,0,178.339099656343,165.93896,5.944636655211434,5.11762823662003
21.8579234972677,43.7158469945355,16.3934426229508,16.3934426229508,0.0,0.0,0.0,0.0,0.0,0.0,0.0,1.63934426229508,0.0,0.0,0.0,0.0,0.0,0.0,0.0,0.0,0.0,0.0,0.0,0,1,0,0,0,0,0,0,174.870672153542,199.20637,5.829022405118066,5.299348684556751
21.7391304347826,43.4782608695652,16.3043478260869,16.3043478260869,0.0,0.0,0.0,0.0,0.0,0.0,0.0,2.17391304347826,0.0,0.0,0.0,0.0,0.0,0.0,0.0,0.0,0.0,0.0,0.0,0,1,0,0,0,0,0,0,169.088621743753,87.48865,5.636287391458434,4.48287429520176
21.6216216216216,43.2432432432432,16.2162162162162,16.2162162162162,0.0,0.0,0.0,0.0,0.0,0.0,0.0,2.7027027027027,0.0,0.0,0.0,0.0,0.0,0.0,0.0,0.0,0.0,0.0,0.0,0,1,0,0,0,0,0,0,164.655069083925,71.33476,5.4885023027975,4.281304788180148
21.0526315789473,42.1052631578947,15.7894736842105,15.7894736842105,0.0,0.0,0.0,0.0,0.0,0.0,0.0,5.26315789473684,0.0,0.0,0.0,0.0,0.0,0.0,0.0,0.0,0.0,0.0,0.0,0,1,0,0,0,0,0,0,155.461816194113,91.5671,5.182060539803767,4.527933786944454
20.0,40.0,15.0,15.0,0.0,0.0,0.0,0.0,0.0,0.0,0.0,10.0,0.0,0.0,0.0,0.0,0.0,0.0,0.0,0.0,0.0,0.0,0.0,0,1,0,0,0,0,0,0,152.914819838198,78.3721,5.097160661273267,4.37414692111235
41.1764705882352,41.1764705882352,0.0,17.6470588235294,0.0,0.0,0.0,0.0,0.0,0.0,0.0,0.0,0.0,0.0,0.0,0.0,0.0,0.0,0.0,0.0,0.0,0.0,0.0,1,0,0,0,0,0,0,0,171.34494,5360.73716646748,5.711498000000001,8.587043299777909
35.2941176470588,35.2941176470588,0.0,17.6470588235294,0.0,0.0,0.0,0.0,0.0,0.0,0.0,11.7647058823529,0.0,0.0,0.0,0.0,0.0,0.0,0.0,0.0,0.0,0.0,0.0,1,0,0,0,0,0,0,0,129.43258,5246.75835397222,4.314419333333333,8.565556284207902
77.0,6.0,0.0,0.0,0.0,15.0,0.0,1.0,0.0,0.6,0.0,0.0,0.0,0.0,0.0,0.0,0.0,0.4,0.0,0.0,0.0,0.0,0.0,0,1,0,0,0,0,0,0,214.890682757694,88.83,7.1630227585898005,4.497918995241116
32.6,27.7,0.0,7.0,27.7,0.0,0.0,0.0,0.0,0.0,0.0,0.0,0.0,0.0,0.0,0.0,0.0,0.0,0.0,0.0,0.0,0.0,5.0,1,0,1,0,0,0,1,0,100.2,78.0,3.3400000000000003,4.3694478524670215
85.5,0.0,0.0,0.0,0.0,1.0,0.0,0.0,0.5,11.0,0.0,0.0,0.0,0.0,0.0,0.0,0.0,0.0,0.0,2.0,0.0,0.0,0.0,0,1,0,0,0,1,0,0,210.906143705993,5.6,7.030204790199766,1.8870696490323797
85.4,0.0,0.0,0.0,0.0,1.0,0.0,0.0,0.5,11.0,0.0,0.0,0.0,0.0,0.0,0.0,0.0,0.1,0.0,2.0,0.0,0.0,0.0,0,1,0,0,0,0,0,0,225.824316650927,5.4,7.527477221697566,1.8562979903656263
85.2,0.0,0.0,0.0,0.0,1.0,0.0,0.0,0.5,11.0,0.0,0.0,0.0,0.0,0.0,0.0,0.0,0.3,0.0,2.0,0.0,0.0,0.0,0,1,0,0,0,0,0,0,214.486603763666,4.6,7.149553458788867,1.7227665977411035
85.0,0.0,0.0,0.0,0.0,1.0,0.0,0.0,0.5,11.0,0.0,0.0,0.0,0.0,0.0,0.0,0.0,0.5,0.0,2.0,0.0,0.0,0.0,0,1,0,0,0,0,0,0,206.899731099071,4.1,6.896657703302367,1.62924053973028
84.5,0.0,0.0,0.0,0.0,1.0,0.0,0.0,0.5,11.0,0.0,0.0,0.0,0.0,0.0,0.0,0.0,1.0,0.0,2.0,0.0,0.0,0.0,0,1,0,0,0,0,0,0,206.639078476263,4.4,6.8879692825421,1.6863989535702288
84.0,0.0,0.0,0.0,0.0,1.0,0.0,0.0,0.5,11.0,0.0,0.0,0.0,0.0,0.0,0.0,0.0,1.5,0.0,2.0,0.0,0.0,0.0,0,1,0,0,0,0,0,0,196.434232904802,2.5,6.5478077634934,1.252762968495368
68.8,4.3,0.0,0.0,12.9,14.0,0.0,0.0,0.0,0.0,0.0,0.0,0.0,0.0,0.0,0.0,0.0,0.0,0.0,0.0,0.0,0.0,0.0,0,1,1,0,0,0,0,0,181.197444234613,2.0,6.039914807820433,1.0986122886681098
77.4,0.0,0.0,0.0,8.6,14.0,0.0,0.0,0.0,0.0,0.0,0.0,0.0,0.0,0.0,0.0,0.0,0.0,0.0,0.0,0.0,0.0,0.0,0,1,0,0,0,0,0,0,182.209434236001,2.6,6.0736478078667,1.2809338454620642
60.2,0.0,0.0,0.0,25.8,14.0,0.0,0.0,0.0,0.0,0.0,0.0,0.0,0.0,0.0,0.0,0.0,0.0,0.0,0.0,0.0,0.0,0.0,0,1,1,0,0,0,0,0,143.51212370791,3.3,4.783737456930334,1.4586150226995167
87.0,0.0,0.0,0.0,0.0,13.0,0.0,0.0,0.0,0.0,0.0,0.0,0.0,0.0,0.0,0.0,0.0,0.0,0.0,0.0,0.0,0.0,0.0,0,1,0,0,0,0,0,0,207.037166555172,6.7,6.9012388851724005,2.0412203288596382
86.0,0.0,0.0,0.0,0.0,14.0,0.0,0.0,0.0,0.0,0.0,0.0,0.0,0.0,0.0,0.0,0.0,0.0,0.0,0.0,0.0,0.0,0.0,0,1,0,0,0,0,0,0,204.903029897666,6.8,6.830100996588866,2.0541237336955462
69.6,17.4,0.0,0.0,0.0,13.0,0.0,0.0,0.0,0.0,0.0,0.0,0.0,0.0,0.0,0.0,0.0,0.0,0.0,0.0,0.0,0.0,0.0,0,1,0,0,0,0,0,0,212.879732928522,9.3,7.0959910976174,2.33214389523559
65.25,21.75,0.0,0.0,0.0,13.0,0.0,0.0,0.0,0.0,0.0,0.0,0.0,0.0,0.0,0.0,0.0,0.0,0.0,0.0,0.0,0.0,0.0,0,1,0,0,0,0,0,0,213.75656214615,10.3,7.1252187382050005,2.424802725718295
60.2,25.8,0.0,0.0,0.0,14.0,0.0,0.0,0.0,0.0,0.0,0.0,0.0,0.0,0.0,0.0,0.0,0.0,0.0,0.0,0.0,0.0,0.0,0,1,0,0,0,0,0,0,207.434088116264,14.8,6.9144696038754665,2.760009940032921
86.0,0.0,0.0,0.0,0.0,13.0,0.0,0.0,1.0,0.0,0.0,0.0,0.0,0.0,0.0,0.0,0.0,0.0,0.0,0.0,0.0,0.0,0.0,0,1,0,0,0,0,0,0,203.487623414631,3.5,6.7829207804877,1.5040773967762742
73.5,0.0,0.0,0.0,0.0,7.0,0.0,15.5,1.0,0.0,0.0,0.0,0.0,0.0,0.0,0.0,0.0,3.0,0.0,0.0,0.0,0.0,0.0,0,0,0,0,0,0,0,0,154.05908353474,1.0,5.1353027844913335,0.6931471805599453
83.0,0.0,0.0,0.0,0.0,12.0,0.0,2.0,1.0,2.0,0.0,0.0,0.0,0.0,0.0,0.0,0.0,0.0,0.0,0.0,0.0,0.0,0.0,0,1,0,0,0,0,0,0,211.199501010736,6.8,7.039983367024533,2.0541237336955462
83.0,0.0,0.0,0.0,0.0,11.0,0.0,3.0,1.0,2.0,0.0,0.0,0.0,0.0,0.0,0.0,0.0,0.0,0.0,0.0,0.0,0.0,0.0,0,1,0,0,0,0,0,0,210.370455698407,5.2,7.012348523280234,1.824549292051046
83.0,0.0,0.0,0.0,0.0,10.0,0.0,4.0,1.0,2.0,0.0,0.0,0.0,0.0,0.0,0.0,0.0,0.0,0.0,0.0,0.0,0.0,0.0,0,1,0,0,0,0,0,0,211.814559527814,6.3,7.0604853175938,1.9878743481543455
83.0,0.0,0.0,0.0,0.0,9.0,0.0,5.0,1.0,2.0,0.0,0.0,0.0,0.0,0.0,0.0,0.0,0.0,0.0,0.0,0.0,0.0,0.0,0,1,0,0,0,0,0,0,209.752799287315,6.6,6.991759976243833,2.028148247292285
83.0,0.0,0.0,0.0,0.0,8.0,0.0,6.0,1.0,2.0,0.0,0.0,0.0,0.0,0.0,0.0,0.0,0.0,0.0,0.0,0.0,0.0,0.0,0,1,0,0,0,0,0,0,211.153689958829,7.2,7.038456331960967,2.1041341542702074
74.3,0.0,0.0,0.0,0.0,6.0,0.0,16.5,0.2,0.0,0.0,0.0,0.0,0.0,0.0,0.0,0.0,3.0,0.0,0.0,0.0,0.0,0.0,0,0,0,0,0,0,0,0,142.563393900158,24.0,4.752113130005267,3.2188758248682006
74.0,0.0,0.0,0.0,0.0,6.0,0.0,16.0,1.0,0.0,0.0,0.0,0.0,0.0,0.0,0.0,0.0,3.0,0.0,0.0,0.0,0.0,0.0,0,0,0,0,0,0,0,0,151.564108856616,24.0,5.0521369618872,3.2188758248682006
73.0,0.0,0.0,0.0,0.0,6.0,0.0,16.5,1.5,0.0,0.0,0.0,0.0,0.0,0.0,0.0,0.0,3.0,0.0,0.0,0.0,0.0,0.0,0,0,0,0,0,0,0,0,128.426015784305,24.0,4.280867192810167,3.2188758248682006
73.5,0.0,0.0,0.0,0.0,9.0,0.0,13.5,1.0,0.0,0.0,0.0,0.0,0.0,0.0,0.0,0.0,3.0,0.0,0.0,0.0,0.0,0.0,0,1,0,0,0,0,0,0,153.421211069627,0.77,5.114040368987566,0.5709795465857378
74.5,0.0,0.0,0.0,0.0,9.0,0.0,13.5,1.0,0.0,0.0,0.0,0.0,0.0,0.0,0.0,0.0,2.0,0.0,0.0,0.0,0.0,0.0,0,1,0,0,0,0,0,0,182.361286073503,0.95,6.0787095357834335,0.6678293725756554
75.5,0.0,0.0,0.0,0.0,9.0,0.0,13.5,1.0,0.0,0.0,0.0,0.0,0.0,0.0,0.0,0.0,1.0,0.0,0.0,0.0,0.0,0.0,0,1,0,0,0,0,0,0,199.022129678119,4.5,6.634070989270634,1.7047480922384253
76.5,0.0,0.0,0.0,0.0,9.0,0.0,13.5,1.0,0.0,0.0,0.0,0.0,0.0,0.0,0.0,0.0,0.0,0.0,0.0,0.0,0.0,0.0,0,1,0,0,0,0,0,0,204.553103793602,22.2,6.818436793120067,3.1441522786722644
75.8,0.0,0.0,0.0,0.0,8.9,0.0,9.3,0.5,3.0,0.0,0.0,0.0,0.0,0.0,0.0,0.0,2.5,0.0,0.0,0.0,0.0,0.0,0,1,0,0,0,0,0,0,177.551571532988,1.13313,5.918385717766267,0.7575903846549915
77.8,0.0,0.0,0.0,0.0,8.9,0.0,7.3,0.5,3.0,0.0,0.0,0.0,0.0,0.0,0.0,0.0,2.5,0.0,0.0,0.0,0.0,0.0,0,1,0,0,0,0,0,0,187.988729489945,3.01774,6.266290982998167,1.3907195554886838
79.8,0.0,0.0,0.0,0.0,8.9,0.0,5.3,0.5,3.0,0.0,0.0,0.0,0.0,0.0,0.0,0.0,2.5,0.0,0.0,0.0,0.0,0.0,0,1,0,0,0,0,0,0,194.421419064779,5.05244,6.480713968825967,1.8004614965219559
82.8,0.0,0.0,0.0,0.0,8.9,0.0,2.3,0.5,3.0,0.0,0.0,0.0,0.0,0.0,0.0,0.0,2.5,0.0,0.0,0.0,0.0,0.0,0,1,0,0,0,0,0,0,202.345866491934,13.82501,6.7448622163978005,2.696315619419818
